date,amplitude
1702283677000,0.445556640625
1702283805000,0.445556640625
1702283985000,0.51611328125
1702284165000,0.441650390625
1702284345000,0.482177734375
1702284525000,0.529052734375
1702284705000,0.468994140625
1702284885000,0.481201171875
1702285065000,0.545654296875
1702285245000,0.48974609375
1702285425000,0.466796875
1702285605000,0.42236328125
1702285785000,0.447265625
1702285965000,0.433349609375
1702286145000,0.435546875
1702286325000,0.45751953125
1702286505000,0.492431640625
1702286685000,0.482666015625
1702286865000,0.48681640625
1702287045000,0.46142578125
1702287225000,0.438720703125
1702287405000,0.5107421875
1702287585000,0.450927734375
1702287765000,0.428955078125
1702287945000,0.396484375
1702288125000,0.495361328125
1702288305000,0.468017578125
1702288485000,0.56005859375
1702288665000,0.50732421875
1702288845000,0.454345703125
1702289025000,0.41845703125
1702289205000,0.479248046875
1702289385000,0.40673828125
1702289565000,0.52392578125
1702289745000,0.453369140625
1702289925000,0.475830078125
1702290105000,0.49267578125
1702290285000,0.427001953125
1702290465000,0.470703125
1702290645000,0.524169921875
1702290825000,0.529052734375
1702291005000,0.44921875
1702291185000,0.47509765625
1702291365000,0.57421875
1702291545000,0.426025390625
1702291725000,0.476318359375
1702291905000,0.378173828125
1702292085000,0.51220703125
1702292265000,0.4423828125
1702292445000,0.417236328125
1702292625000,0.556396484375
1702292805000,0.402099609375
1702292985000,0.449462890625
1702293165000,0.461181640625
1702293345000,0.48583984375
1702293525000,0.447021484375
1702293705000,0.484375
1702293885000,0.46533203125
1702294065000,0.40625
1702294245000,0.470703125
1702294425000,0.451904296875
1702294605000,0.477294921875
1702294785000,0.478271484375
1702294965000,0.5087890625
1702295145000,0.494384765625
1702295280000,0.4404296875
1702295685000,0.457763671875
1702295820000,0.457763671875
1702296000000,0.4404296875
1702296180000,0.510009765625
1702296360000,0.4814453125
1702296540000,0.487060546875
1702296720000,0.474853515625
1702296900000,0.546875
1702297080000,0.51806640625
1702297260000,0.458251953125
1702297440000,0.48193359375
1702297620000,0.527587890625
1702297800000,0.505615234375
1702297980000,0.473876953125
1702298160000,0.6201171875
1702298340000,0.47998046875
1702298520000,0.50048828125
1702298700000,0.48681640625
1702298880000,0.490234375
1702299060000,0.540283203125
1702299240000,0.43603515625
1702299420000,0.54345703125
1702299600000,0.51904296875
1702299780000,0.156982421875
1702299960000,0.14013671875
1702300140000,0.16357421875
1702300320000,0.14501953125
1702300500000,0.159912109375
1702300680000,0.128662109375
1702300860000,0.15283203125
1702301040000,0.14697265625
1702301220000,0.149169921875
1702301400000,0.15185546875
1702301580000,0.1376953125
1702301760000,0.14794921875
1702301940000,0.143310546875
1702302120000,0.153564453125
1702302300000,0.148193359375
1702302480000,0.15478515625
1702302660000,0.14453125
1702302840000,0.14404296875
1702303020000,0.143310546875
1702303200000,0.14453125
1702303380000,0.159912109375
1702303560000,0.142333984375
1702303740000,0.1474609375
1702303920000,0.146240234375
1702304100000,0.15283203125
1702304280000,0.148681640625
1702304460000,0.139404296875
1702304640000,0.145263671875
1702304820000,0.189697265625
1702305000000,0.1416015625
1702305180000,0.147216796875
1702305360000,0.146240234375
1702305540000,0.142822265625
1702305720000,0.144775390625
1702305900000,0.158447265625
1702306080000,0.15185546875
1702306260000,0.135498046875
1702306440000,0.1572265625
1702306620000,0.160888671875
1702306800000,0.16748046875
1702306980000,0.131591796875
1702307160000,0.16552734375
1702307250000,0.15185546875
1702307384000,0.15185546875
1702307564000,0.14453125
1702307744000,0.15625
1702307924000,0.15380859375
1702308104000,0.148681640625
1702308284000,0.1572265625
1702308464000,0.154052734375
1702308644000,0.1640625
1702308824000,0.1435546875
1702309004000,0.141357421875
1702309184000,0.14208984375
1702309364000,0.158447265625
1702309544000,0.1572265625
1702309724000,0.13818359375
1702309904000,0.141845703125
1702310084000,0.154296875
1702310264000,0.165283203125
1702310444000,0.148193359375
1702310624000,0.171875
1702310804000,0.156005859375
1702310984000,0.146728515625
1702311164000,0.14794921875
1702311344000,0.159423828125
1702311524000,0.151123046875
1702311704000,0.14599609375
1702311884000,0.14794921875
1702312064000,0.15576171875
1702312244000,0.133544921875
1702312424000,0.17431640625
1702312604000,0.140380859375
1702312784000,0.145263671875
1702312964000,0.136474609375
1702313144000,0.165283203125
1702313324000,0.14306640625
1702313504000,0.15625
1702313684000,0.170654296875
1702313864000,0.167724609375
1702314044000,0.151611328125
1702314224000,0.141845703125
1702314404000,0.1640625
1702314584000,0.15185546875
1702314764000,0.136962890625
1702314944000,0.139404296875
1702315124000,0.523193359375
1702315304000,0.5771484375
1702315484000,0.579345703125
1702315664000,0.538818359375
1702315844000,0.471435546875
1702316024000,0.5478515625
1702316204000,0.53564453125
1702316384000,0.494140625
1702316564000,0.528076171875
1702316744000,0.596923828125
1702316924000,0.487548828125
1702317104000,0.55859375
1702317284000,0.5146484375
1702317464000,0.443359375
1702317644000,0.471923828125
1702317824000,0.489013671875
1702318004000,0.56298828125
1702318184000,0.50244140625
1702318364000,0.49560546875
1702318544000,0.486083984375
1702318724000,0.48876953125
1702318904000,0.468505859375
1702319084000,0.47705078125
1702319264000,0.544677734375
1702319444000,0.46435546875
1702319624000,0.478759765625
1702319804000,0.527099609375
1702319984000,0.5234375
1702320164000,0.419677734375
1702320344000,0.6015625
1702320524000,0.548828125
1702320704000,0.559814453125
1702320884000,0.494873046875
1702321064000,0.6171875
1702321244000,0.53515625
1702321424000,0.435546875
1702321604000,0.4384765625
1702321784000,0.471923828125
1702321964000,0.630126953125
1702322144000,0.5263671875
1702322324000,0.46484375
1702322504000,0.46337890625
1702322684000,0.519287109375
1702322864000,0.52392578125
1702323044000,0.538818359375
1702323224000,0.518310546875
1702323404000,0.50634765625
1702323584000,0.482177734375
1702323764000,0.581298828125
1702323944000,0.505126953125
1702324124000,0.58984375
1702324304000,0.60693359375
1702324484000,0.140625
1702324664000,0.1357421875
1702324844000,0.1611328125
1702325024000,0.169921875
1702325204000,0.139404296875
1702325384000,0.14501953125
1702325564000,0.146728515625
1702325744000,0.13232421875
1702325924000,0.1396484375
1702326104000,0.141357421875
1702326284000,0.162841796875
1702326464000,0.160888671875
1702326644000,0.128662109375
1702326824000,0.130615234375
1702327004000,0.15185546875
1702327184000,0.15087890625
1702327364000,0.14306640625
1702327544000,0.15185546875
1702327724000,0.144775390625
1702327904000,0.14794921875
1702328084000,0.18408203125
1702328264000,0.143798828125
1702328444000,0.177978515625
1702328624000,0.155029296875
1702328804000,0.132568359375
1702328984000,0.140380859375
1702329164000,0.13623046875
1702329344000,0.151123046875
1702329524000,0.140380859375
1702329704000,0.15625
1702329884000,0.158935546875
1702330064000,0.154052734375
1702330244000,0.146728515625
1702330334000,0.13427734375
1702330469000,0.13427734375
1702330649000,0.170166015625
1702330829000,0.153564453125
1702331009000,0.1669921875
1702331189000,0.162109375
1702331369000,0.16015625
1702331549000,0.180419921875
1702331729000,0.136962890625
1702331909000,0.18115234375
1702332089000,0.14697265625
1702332269000,0.166748046875
1702332449000,0.166748046875
1702332629000,0.177001953125
1702332809000,0.14208984375
1702332989000,0.150146484375
1702333169000,0.15283203125
1702333349000,0.130615234375
1702333529000,0.14453125
1702333709000,0.156005859375
1702333889000,0.145263671875
1702334069000,0.149169921875
1702334249000,0.146484375
1702334429000,0.14404296875
1702334609000,0.145263671875
1702334789000,0.17529296875
1702334969000,0.15380859375
1702335149000,0.140869140625
1702335329000,0.133544921875
1702335509000,0.154052734375
1702508529000,0.153564453125
1702508709000,0.1484375
1702508889000,0.15087890625
1702509069000,0.150146484375
1702509249000,0.160400390625
1702509429000,0.144775390625
1702509609000,0.166259765625
1702509789000,0.1630859375
1702509969000,0.1513671875
1702510149000,0.13720703125
1702510329000,0.142578125
1702510509000,0.149658203125
1702510689000,0.134765625
1702510869000,0.135009765625
1702511049000,0.13671875
1702511229000,0.155517578125
1702511409000,0.138916015625
1702511589000,0.142822265625
1702511769000,0.143310546875
1702511949000,0.1357421875
1702512129000,0.159423828125
1702512309000,0.17138671875
1702512489000,0.156494140625
1702512669000,0.155517578125
1702512849000,0.16015625
1702513029000,0.1533203125
1702513209000,0.1328125
1702513389000,0.134033203125
1702513569000,0.150146484375
1702513749000,0.156982421875
1702513929000,0.16748046875
1702514109000,0.150146484375
1702514289000,0.14306640625
1702514469000,0.158935546875
1702514649000,0.133056640625
1702514829000,0.146728515625
1702515009000,0.177978515625
1702515189000,0.14892578125
1702515369000,0.158203125
1702515549000,0.14111328125
1702515685000,0.149169921875
1702515819000,0.149169921875
1702515999000,0.1435546875
1702516179000,0.1484375
1702516359000,0.149169921875
1702516539000,0.15625
1702516719000,0.1494140625
1702516899000,0.141845703125
1702517079000,0.162353515625
1702517259000,0.133056640625
1702517439000,0.15283203125
1702517619000,0.158447265625
1702517799000,0.150390625
1702517979000,0.150390625
1702518159000,0.142822265625
1702518339000,0.149658203125
1702518519000,0.166748046875
1702518699000,0.154541015625
1702518879000,0.148681640625
1702519059000,0.142578125
1702519239000,0.157958984375
1702519419000,0.135986328125
1702519599000,0.164306640625
1702519779000,0.159423828125
1702519959000,0.164794921875
1702520139000,0.153076171875
1702520319000,0.1474609375
1702520499000,0.142822265625
1702520679000,0.14208984375
1702520859000,0.1435546875
1702521039000,0.15234375
1702521219000,0.17529296875
1702521399000,0.13916015625
1702521579000,0.149169921875
1702521759000,0.144287109375
1702521939000,0.14208984375
1702522119000,0.15283203125
1702522299000,0.15283203125
1702522479000,0.1474609375
1702522659000,0.144775390625
1702522839000,0.131591796875
1702523019000,0.14892578125
1702523199000,0.162841796875
1702523379000,0.156005859375
1702523559000,0.14990234375
1702523739000,0.203125
1702523919000,0.142822265625
1702524099000,0.16748046875
1702524279000,0.166259765625
1702524459000,0.1748046875
1702524639000,0.148193359375
1702524819000,0.157958984375
1702524999000,0.140380859375
1702525179000,0.163818359375
1702525359000,0.16357421875
1702525539000,0.152099609375
1702525719000,0.149169921875
1702525899000,0.171630859375
1702526079000,0.169677734375
1702526259000,0.140625
1702526439000,0.15283203125
1702526619000,0.14404296875
1702526799000,0.134521484375
1702526979000,0.157470703125
1702527159000,0.140869140625
1702527249000,0.143310546875
1702527294000,0.158203125
1702527429000,0.158203125
1702527609000,0.16650390625
1702527789000,0.170166015625
1702527969000,0.1416015625
1702528149000,0.154052734375
1702528329000,0.146240234375
1702528509000,0.159423828125
1702528689000,0.149169921875
1702528869000,0.146728515625
1702529049000,0.1552734375
1702529229000,0.134521484375
1702529409000,0.16357421875
1702529589000,0.153564453125
1702529769000,0.16259765625
1702529949000,0.154052734375
1702530129000,0.176513671875
1702530309000,0.137939453125
1702530489000,0.177978515625
1702530669000,0.153076171875
1702530849000,0.1416015625
1702531029000,0.1611328125
1702531209000,0.134765625
1702531389000,0.1630859375
1702531569000,0.1669921875
1702531749000,0.148681640625
1702531929000,0.151123046875
1702532109000,0.154052734375
1702532289000,0.1630859375
1702532469000,0.14794921875
1702532649000,0.161376953125
1702532829000,0.154541015625
1702533009000,0.1494140625
1702533189000,0.17041015625
1702533369000,0.1484375
1702533549000,0.154052734375
1702533729000,0.154052734375
1702533909000,0.140625
1702534089000,0.1474609375
1702534269000,0.169189453125
1702534449000,0.154296875
1702534629000,0.1552734375
1702534809000,0.14794921875
1702534989000,0.137939453125
1702535169000,0.15576171875
1702535349000,0.147216796875
1702535529000,0.17236328125
1702535709000,0.140625
1702535889000,0.1474609375
1702536069000,0.157470703125
1702536249000,0.153076171875
1702536429000,0.151611328125
1702536609000,0.143798828125
1702536789000,0.1513671875
1702536969000,0.173095703125
1702537149000,0.15380859375
1702537329000,0.142822265625
1702537509000,0.14404296875
1702537689000,0.1533203125
1702537869000,0.157470703125
1702538049000,0.1689453125
1702538229000,0.1376953125
1702538409000,0.137451171875
1702538589000,0.169921875
1702538769000,0.150634765625
1702538859000,0.141845703125
1702538994000,0.141845703125
1702539174000,0.1455078125
1702539354000,0.14208984375
1702539534000,0.143310546875
1702539714000,0.135498046875
1702539894000,0.15185546875
1702540074000,0.161376953125
1702540254000,0.150390625
1702540434000,0.146728515625
1702540614000,0.14697265625
1702540794000,0.165771484375
1702540973000,0.132080078125
1702541153000,0.144287109375
1702541333000,0.175048828125
1702541513000,0.143798828125
1702541693000,0.146484375
1702541873000,0.157958984375
1702542053000,0.14453125
1702542233000,0.140380859375
1702542413000,0.158203125
1702542593000,0.166748046875
1702542773000,0.143798828125
1702542953000,0.180908203125
1702543133000,0.155029296875
1702543313000,0.15625
1702543493000,0.1767578125
1702543673000,0.14111328125
1702543853000,0.14013671875
1702544033000,0.152099609375
1702544213000,0.15380859375
1702544393000,0.150146484375
1702544573000,0.15771484375
1702544753000,0.132080078125
1702544933000,0.15185546875
1702545113000,0.156494140625
1702545293000,0.148193359375
1702545473000,0.142578125
1702545653000,0.146484375
1702545833000,0.13916015625
1702546013000,0.138916015625
1702546193000,0.142822265625
1702546373000,0.144287109375
1702546553000,0.155029296875
1702546733000,0.14111328125
1702546913000,0.141845703125
1702547093000,0.160400390625
1702547273000,0.14306640625
1702547453000,0.143310546875
1702547633000,0.140625
1702547813000,0.1611328125
1702547993000,0.1337890625
1702548173000,0.149169921875
1702548353000,0.154052734375
1702548533000,0.169189453125
1702548713000,0.1708984375
1702548893000,0.14892578125
1702549073000,0.14794921875
1702549253000,0.14990234375
1702549433000,0.1494140625
1702549613000,0.155029296875
1702549793000,0.15625
1702549973000,0.154052734375
1702550153000,0.144775390625
1702550333000,0.171875
1702550423000,0.135498046875
1702550693000,0.140869140625
1702551278000,0.14404296875
1702551908000,0.135498046875
1702552500000,0.60009765625
1702552628000,0.60009765625
1702552808000,0.546875
1702552988000,0.583984375
1702553168000,0.5478515625
1702553348000,0.4814453125
1702553528000,0.540283203125
1702553708000,0.5498046875
1702553888000,0.586669921875
1702554068000,0.48583984375
1702554248000,0.486572265625
1702554428000,0.561767578125
1702554608000,0.552490234375
1702554788000,0.5654296875
1702554968000,0.4677734375
1702555148000,0.5244140625
1702555328000,0.505859375
1702555508000,0.47705078125
1702555688000,0.497802734375
1702555868000,0.72607421875
1702556048000,0.501220703125
1702556228000,0.47607421875
1702556408000,0.5380859375
1702556588000,0.510009765625
1702556768000,0.503662109375
1702556948000,0.542724609375
1702557128000,0.44970703125
1702557308000,0.53564453125
1702557488000,0.541259765625
1702557668000,0.480224609375
1702557848000,0.53369140625
1702558028000,0.5703125
1702558208000,0.513916015625
1702558388000,0.63623046875
1702558568000,0.5341796875
1702558748000,0.5576171875
1702558928000,0.59228515625
1702559108000,0.470947265625
1702559288000,0.603271484375
1702559468000,0.4658203125
1702559648000,0.50244140625
1702559828000,0.64453125
1702560008000,0.5126953125
1702560188000,0.475341796875
1702560368000,0.479248046875
1702560548000,0.156982421875
1702560728000,0.1494140625
1702560908000,0.151611328125
1702561088000,0.140869140625
1702561268000,0.15087890625
1702561448000,0.15576171875
1702561628000,0.139892578125
1702561808000,0.135498046875
1702561988000,0.15966796875
1702562168000,0.148193359375
1702562348000,0.144775390625
1702562528000,0.1416015625
1702562708000,0.15087890625
1702562888000,0.156494140625
1702563068000,0.14990234375
1702563248000,0.143310546875
1702563428000,0.157470703125
1702563608000,0.154541015625
1702563788000,0.14404296875
1702563968000,0.137939453125
1702564058000,0.143310546875
1702564193000,0.143310546875
1702564373000,0.15380859375
1702564553000,0.137451171875
1702564733000,0.141357421875
1702564913000,0.136962890625
1702565093000,0.144775390625
1702565273000,0.15771484375
1702565453000,0.149169921875
1702565633000,0.152587890625
1702565813000,0.180908203125
1702565993000,0.15283203125
1702566173000,0.13916015625
1702566353000,0.152099609375
1702566533000,0.14453125
1702566713000,0.140869140625
1702566893000,0.145751953125
1702567073000,0.164306640625
1702567253000,0.14404296875
1702567433000,0.173095703125
1702567613000,0.14013671875
1702567793000,0.142333984375
1702567973000,0.17724609375
1702568153000,0.164794921875
1702568333000,0.14013671875
1702568513000,0.158447265625
1702568693000,0.138916015625
1702568873000,0.137939453125
1702569053000,0.161376953125
1702569233000,0.139404296875
1702569413000,0.1572265625
1702569593000,0.137451171875
1702569773000,0.14990234375
1702569953000,0.141357421875
1702570133000,0.140625
1702570312000,0.159423828125
1702570492000,0.1689453125
1702570672000,0.166748046875
1702570852000,0.146728515625
1702571032000,0.1396484375
1702571212000,0.133056640625
1702571392000,0.14306640625
1702571572000,0.161865234375
1702571752000,0.168212890625
1702571932000,0.15380859375
1702572112000,0.1513671875
1702572292000,0.14794921875
1702572472000,0.1474609375
1702572652000,0.138916015625
1702572832000,0.1513671875
1702573012000,0.141845703125
1702573192000,0.138916015625
1702573372000,0.153076171875
1702573552000,0.168212890625
1702573732000,0.13818359375
1702573912000,0.168701171875
1702574092000,0.154541015625
1702574272000,0.17041015625
1702574452000,0.164306640625
1702574632000,0.14990234375
1702574812000,0.1474609375
1702574992000,0.139404296875
1702575172000,0.150634765625
1702575352000,0.140625
1702575532000,0.150634765625
1702575623000,0.146484375
1702575757000,0.146484375
1702575937000,0.16748046875
1702576117000,0.150390625
1702576297000,0.14794921875
1702576477000,0.15380859375
1702576657000,0.17236328125
1702576837000,0.15234375
1702577017000,0.16455078125
1702577197000,0.16015625
1702577377000,0.1494140625
1702577557000,0.1416015625
1702577737000,0.166259765625
1702577917000,0.16943359375
1702578097000,0.156494140625
1702578277000,0.164794921875
1702578457000,0.144775390625
1702578637000,0.14990234375
1702578817000,0.1826171875
1702578997000,0.157958984375
1702579177000,0.151611328125
1702579357000,0.145751953125
1702579537000,0.15673828125
1702579717000,0.14306640625
1702579897000,0.136962890625
1702580077000,0.1494140625
1702580257000,0.142822265625
1702580437000,0.161865234375
1702580617000,0.141845703125
1702580797000,0.15380859375
1702580977000,0.1474609375
1702581157000,0.149658203125
1702581337000,0.158447265625
1702581517000,0.13623046875
1702581697000,0.1455078125
1702581877000,0.137451171875
1702582057000,0.14501953125
1702582237000,0.147216796875
1702582417000,0.18017578125
1702582597000,0.136962890625
1702582777000,0.162841796875
1702582957000,0.17578125
1702583137000,0.13916015625
1702583317000,0.14013671875
1702583497000,0.171630859375
1702583677000,0.14208984375
1702583857000,0.153564453125
1702584037000,0.137451171875
1702584217000,0.173583984375
1702584397000,0.145263671875
1702584577000,0.151123046875
1702584757000,0.154541015625
1702584937000,0.148193359375
1702585117000,0.145751953125
1702585297000,0.154541015625
1702585477000,0.144775390625
1702585657000,0.15625
1702585837000,0.156494140625
1702586017000,0.1484375
1702586197000,0.144775390625
1702586377000,0.148681640625
1702586557000,0.160400390625
1702586737000,0.17138671875
1702586917000,0.154052734375
1702587097000,0.133056640625
1702587277000,0.15673828125
1702587457000,0.148193359375
1702587637000,0.15869140625
1702587817000,0.1318359375
1702587997000,0.17041015625
1702588177000,0.14990234375
1702588357000,0.1474609375
1702588537000,0.13427734375
1702588717000,0.146728515625
1702588897000,0.15185546875
1702589077000,0.134033203125
1702589257000,0.171630859375
1702589437000,0.142333984375
1702589617000,0.167724609375
1702589797000,0.159912109375
1702589977000,0.15234375
1702590157000,0.13671875
1702590337000,0.16748046875
1702590517000,0.16650390625
1702590697000,0.159423828125
1702590877000,0.148681640625
1702591057000,0.153076171875
1702591237000,0.158447265625
1702591417000,0.1689453125
1702591597000,0.139892578125
1702591777000,0.141357421875
1702591957000,0.154541015625
1702592137000,0.135986328125
1702592317000,0.15185546875
1702592497000,0.16259765625
1702592677000,0.15234375
1702592857000,0.1513671875
1702593037000,0.16015625
1702593217000,0.16259765625
1702593397000,0.17529296875
1702593577000,0.14404296875
1702593757000,0.130126953125
1702593937000,0.138427734375
1702594117000,0.152099609375
1702594297000,0.166748046875
1702594477000,0.143310546875
1702594657000,0.14306640625
1702422132000,0.150390625
1702422312000,0.157470703125
1702422492000,0.126708984375
1702422672000,0.16015625
1702422852000,0.142333984375
1702423032000,0.160400390625
1702423212000,0.14501953125
1702423392000,0.1376953125
1702423572000,0.15234375
1702423752000,0.159423828125
1702423932000,0.164306640625
1702424112000,0.163330078125
1702424292000,0.138671875
1702424472000,0.14453125
1702424652000,0.166748046875
1702424832000,0.153564453125
1702425012000,0.17138671875
1702425192000,0.1494140625
1702425372000,0.138916015625
1702425552000,0.164306640625
1702425732000,0.14404296875
1702425912000,0.14111328125
1702426092000,0.156005859375
1702426272000,0.158203125
1702426452000,0.1572265625
1702426632000,0.171630859375
1702426812000,0.139404296875
1702426992000,0.13916015625
1702427171000,0.13037109375
1702427351000,0.154296875
1702427531000,0.15380859375
1702427711000,0.149658203125
1702427891000,0.158447265625
1702428071000,0.1474609375
1702428251000,0.146240234375
1702428431000,0.1484375
1702428611000,0.147216796875
1702428791000,0.155517578125
1702428971000,0.171142578125
1702429151000,0.153076171875
1702429331000,0.14306640625
1702429511000,0.14013671875
1702429691000,0.15673828125
1702429871000,0.151611328125
1702430051000,0.15185546875
1702430231000,0.13720703125
1702430411000,0.149169921875
1702430591000,0.147705078125
1702430771000,0.15087890625
1702430951000,0.13818359375
1702431131000,0.1455078125
1702431311000,0.145751953125
1702431491000,0.157958984375
1702431671000,0.158447265625
1702431851000,0.1552734375
1702432031000,0.1650390625
1702432211000,0.148193359375
1702432391000,0.159423828125
1702432571000,0.142578125
1702432751000,0.165771484375
1702432931000,0.162353515625
1702433111000,0.15283203125
1702433291000,0.149169921875
1702433471000,0.1787109375
1702433651000,0.18017578125
1702433831000,0.138671875
1702434011000,0.142578125
1702434191000,0.139892578125
1702434327000,0.144775390625
1702434461000,0.144775390625
1702434641000,0.1650390625
1702434821000,0.148681640625
1702435001000,0.14794921875
1702435181000,0.161865234375
1702435361000,0.134033203125
1702435541000,0.16064453125
1702435721000,0.14404296875
1702435901000,0.14208984375
1702436081000,0.13671875
1702436261000,0.134521484375
1702436441000,0.144775390625
1702436621000,0.138427734375
1702436801000,0.1533203125
1702436981000,0.1513671875
1702437161000,0.16650390625
1702437341000,0.15283203125
1702437521000,0.14501953125
1702437701000,0.16650390625
1702437881000,0.139404296875
1702438061000,0.1806640625
1702438241000,0.144775390625
1702438421000,0.1396484375
1702438601000,0.15380859375
1702438781000,0.15087890625
1702438961000,0.134765625
1702439141000,0.14794921875
1702439321000,0.155517578125
1702439501000,0.145751953125
1702439681000,0.16455078125
1702439861000,0.14404296875
1702440041000,0.160400390625
1702440221000,0.14892578125
1702440401000,0.1513671875
1702440581000,0.138671875
1702440761000,0.1484375
1702440941000,0.13525390625
1702441121000,0.162841796875
1702441301000,0.151123046875
1702441481000,0.14404296875
1702441661000,0.152587890625
1702441841000,0.15380859375
1702442021000,0.134765625
1702442201000,0.150634765625
1702442381000,0.151123046875
1702442561000,0.1787109375
1702442741000,0.156494140625
1702442921000,0.156982421875
1702443101000,0.1865234375
1702443281000,0.1630859375
1702443461000,0.147705078125
1702443641000,0.138916015625
1702443821000,0.13623046875
1702444001000,0.14892578125
1702444181000,0.141845703125
1702444361000,0.1416015625
1702444541000,0.15380859375
1702444721000,0.154541015625
1702444901000,0.142333984375
1702445081000,0.154541015625
1702445261000,0.132568359375
1702445441000,0.15771484375
1702445621000,0.147216796875
1702445801000,0.138427734375
1702445891000,0.146484375
1702446026000,0.146484375
1702446206000,0.149658203125
1702446386000,0.148681640625
1702446566000,0.14306640625
1702446746000,0.15966796875
1702446926000,0.16259765625
1702447106000,0.154541015625
1702447286000,0.19091796875
1702447466000,0.155029296875
1702447646000,0.1494140625
1702447826000,0.14453125
1702448006000,0.15234375
1702448186000,0.13818359375
1702448366000,0.142822265625
1702448546000,0.156982421875
1702448726000,0.154541015625
1702448906000,0.14453125
1702449086000,0.1337890625
1702449266000,0.156005859375
1702449446000,0.151611328125
1702449626000,0.139892578125
1702449806000,0.147216796875
1702449986000,0.156005859375
1702450166000,0.156982421875
1702450346000,0.1572265625
1702450526000,0.15771484375
1702450706000,0.1474609375
1702450886000,0.147705078125
1702451066000,0.158935546875
1702451246000,0.15185546875
1702451426000,0.15380859375
1702451606000,0.149658203125
1702451786000,0.14794921875
1702451966000,0.150634765625
1702452146000,0.17822265625
1702452326000,0.142578125
1702452506000,0.15771484375
1702452686000,0.18310546875
1702452866000,0.14697265625
1702453046000,0.14599609375
1702453226000,0.151123046875
1702453406000,0.16552734375
1702453586000,0.14794921875
1702453766000,0.1533203125
1702453946000,0.134033203125
1702454126000,0.135986328125
1702454306000,0.154296875
1702454486000,0.150146484375
1702454666000,0.157470703125
1702454846000,0.138916015625
1702455026000,0.150390625
1702455206000,0.16357421875
1702455386000,0.15380859375
1702455566000,0.140380859375
1702455746000,0.14501953125
1702455926000,0.1494140625
1702456106000,0.1416015625
1702456286000,0.150634765625
1702456466000,0.14990234375
1702456646000,0.144287109375
1702456826000,0.14013671875
1702457006000,0.158447265625
1702457186000,0.14501953125
1702457366000,0.1376953125
1702457456000,0.142333984375
1702457591000,0.142333984375
1702457771000,0.15966796875
1702457951000,0.170654296875
1702458131000,0.140869140625
1702458311000,0.15869140625
1702458491000,0.146240234375
1702458671000,0.4482421875
1702458851000,0.531982421875
1702459031000,0.594482421875
1702459211000,0.4794921875
1702459391000,0.51904296875
1702459571000,0.62158203125
1702459751000,0.539306640625
1702459931000,0.588134765625
1702460111000,0.5146484375
1702460291000,0.43212890625
1702460471000,0.558837890625
1702460651000,0.445556640625
1702460831000,0.51708984375
1702461011000,0.510986328125
1702461191000,0.55810546875
1702461371000,0.5185546875
1702461551000,0.598876953125
1702461731000,0.57421875
1702461911000,0.572509765625
1702462091000,0.462646484375
1702462271000,0.46728515625
1702462451000,0.529541015625
1702462631000,0.493896484375
1702462811000,0.501220703125
1702462991000,0.552490234375
1702463171000,0.46142578125
1702463351000,0.51025390625
1702463531000,0.546875
1702463711000,0.48828125
1702463891000,0.540283203125
1702464071000,0.611083984375
1702464251000,0.490966796875
1702464431000,0.603515625
1702464611000,0.551025390625
1702464791000,0.5810546875
1702464971000,0.571533203125
1702465151000,0.53564453125
1702465331000,0.574951171875
1702465511000,0.437744140625
1702465691000,0.410888671875
1702465871000,0.523193359375
1702466051000,0.725341796875
1702466231000,0.520751953125
1702466411000,0.44873046875
1702466591000,0.534912109375
1702466771000,0.528564453125
1702466951000,0.50341796875
1702467131000,0.630859375
1702467311000,0.5380859375
1702467491000,0.571533203125
1702467671000,0.427490234375
1702467851000,0.50146484375
1702468031000,0.583740234375
1702468210000,0.482421875
1702468390000,0.539794921875
1702468570000,0.53173828125
1702468750000,0.418701171875
1702468930000,0.4619140625
1702469072000,0.53564453125
1702469560000,0.53564453125
1702469740000,0.45166015625
1702469920000,0.4453125
1702470100000,0.5400390625
1702470280000,0.53271484375
1702470460000,0.661865234375
1702470640000,0.53466796875
1702470820000,0.48388671875
1702471000000,0.4736328125
1702471180000,0.559326171875
1702471360000,0.495361328125
1702471540000,0.624267578125
1702471720000,0.64111328125
1702471900000,0.5302734375
1702472080000,0.5908203125
1702472260000,0.1455078125
1702472440000,0.13916015625
1702472620000,0.13720703125
1702472800000,0.150146484375
1702472980000,0.179931640625
1702473160000,0.138671875
1702473340000,0.141845703125
1702473520000,0.160888671875
1702473700000,0.137451171875
1702473880000,0.160888671875
1702474060000,0.153076171875
1702474240000,0.135986328125
1702474420000,0.13671875
1702474600000,0.14990234375
1702474780000,0.152587890625
1702474960000,0.1728515625
1702475140000,0.15380859375
1702475320000,0.141845703125
1702475500000,0.163330078125
1702475680000,0.14892578125
1702475860000,0.158447265625
1702476040000,0.150390625
1702476220000,0.14404296875
1702476400000,0.14501953125
1702476580000,0.143798828125
1702476760000,0.157958984375
1702476940000,0.1435546875
1702477120000,0.147216796875
1702477300000,0.14013671875
1702477480000,0.1416015625
1702477660000,0.1435546875
1702477840000,0.14453125
1702478020000,0.161376953125
1702478200000,0.147216796875
1702478380000,0.15576171875
1702478560000,0.15771484375
1702478740000,0.153076171875
1702478920000,0.13916015625
1702479100000,0.161865234375
1702479280000,0.160400390625
1702479460000,0.16259765625
1702479640000,0.14013671875
1702479820000,0.1630859375
1702480000000,0.157958984375
1702480180000,0.2001953125
1702480360000,0.142333984375
1702480540000,0.1494140625
1702480720000,0.1611328125
1702480900000,0.136474609375
1702480990000,0.1337890625
1702481125000,0.1337890625
1702481305000,0.141845703125
1702481485000,0.15966796875
1702481665000,0.148193359375
1702481845000,0.140869140625
1702482025000,0.155029296875
1702482205000,0.16552734375
1702482385000,0.15966796875
1702482565000,0.15625
1702482745000,0.156982421875
1702482925000,0.142822265625
1702483105000,0.1611328125
1702483285000,0.14794921875
1702483465000,0.15966796875
1702483645000,0.149169921875
1702483825000,0.13037109375
1702484005000,0.153076171875
1702484185000,0.1435546875
1702484365000,0.15380859375
1702484545000,0.162841796875
1702484725000,0.1474609375
1702484905000,0.153564453125
1702485085000,0.14404296875
1702485265000,0.169921875
1702485445000,0.155029296875
1702485625000,0.144287109375
1702485805000,0.153076171875
1702485985000,0.151611328125
1702486165000,0.17041015625
1702486345000,0.1416015625
1702486525000,0.158447265625
1702486705000,0.155517578125
1702486885000,0.158203125
1702487065000,0.150390625
1702487245000,0.1376953125
1702487425000,0.163818359375
1702487605000,0.162109375
1702487785000,0.146728515625
1702487965000,0.14697265625
1702488145000,0.159912109375
1702488325000,0.159912109375
1702488505000,0.16748046875
1702488685000,0.14111328125
1702488865000,0.156982421875
1702489045000,0.1494140625
1702489225000,0.56396484375
1702489405000,0.51708984375
1702489585000,0.490478515625
1702489765000,0.448974609375
1702489945000,0.503173828125
1702490125000,0.5087890625
1702490305000,0.515625
1702490485000,0.449951171875
1702490665000,0.463134765625
1702490845000,0.456787109375
1702491025000,0.44580078125
1702491205000,0.565185546875
1702491385000,0.536376953125
1702491565000,0.58154296875
1702491745000,0.4736328125
1702491925000,0.518798828125
1702492105000,0.50634765625
1702492285000,0.444091796875
1702492465000,0.552978515625
1702492555000,0.502685546875
1702492690000,0.502685546875
1702492870000,0.5126953125
1702493050000,0.555908203125
1702493230000,0.536865234375
1702493410000,0.499267578125
1702493590000,0.479248046875
1702493770000,0.52880859375
1702493950000,0.52294921875
1702494130000,0.522216796875
1702494310000,0.476806640625
1702494490000,0.627197265625
1702494670000,0.55419921875
1702494850000,0.43896484375
1702495030000,0.52197265625
1702495210000,0.527099609375
1702495390000,0.53271484375
1702495570000,0.5244140625
1702495750000,0.451171875
1702495930000,0.5654296875
1702496110000,0.48779296875
1702496290000,0.45556640625
1702496470000,0.50537109375
1702496650000,0.567138671875
1702496830000,0.48876953125
1702497010000,0.520751953125
1702497190000,0.497314453125
1702497370000,0.450439453125
1702497550000,0.5029296875
1702497730000,0.155029296875
1702497910000,0.166748046875
1702498090000,0.147705078125
1702498270000,0.164794921875
1702498450000,0.156005859375
1702498630000,0.13134765625
1702498810000,0.1494140625
1702498990000,0.14697265625
1702499170000,0.14404296875
1702499350000,0.1357421875
1702499530000,0.143798828125
1702499710000,0.15478515625
1702499890000,0.1513671875
1702500070000,0.176025390625
1702500250000,0.155029296875
1702500430000,0.15966796875
1702500610000,0.155517578125
1702500790000,0.143310546875
1702500970000,0.16748046875
1702501150000,0.143310546875
1702501330000,0.15380859375
1702501510000,0.149169921875
1702501690000,0.154296875
1702501870000,0.150146484375
1702502050000,0.142578125
1702502230000,0.1484375
1702502410000,0.140869140625
1702502590000,0.155029296875
1702502770000,0.138671875
1702502950000,0.14013671875
1702503130000,0.167724609375
1702503310000,0.148193359375
1702503490000,0.156005859375
1702503670000,0.145751953125
1702503850000,0.155517578125
1702504030000,0.155517578125
1702504210000,0.15234375
1702504390000,0.146728515625
1702504570000,0.135009765625
1702504750000,0.14306640625
1702504930000,0.150634765625
1702505110000,0.1484375
1702505290000,0.1552734375
1702505470000,0.150146484375
1702505650000,0.1513671875
1702505830000,0.142822265625
1702506010000,0.15185546875
1702506189000,0.137939453125
1702506369000,0.15087890625
1702506549000,0.142578125
1702506729000,0.140625
1702506909000,0.142578125
1702507089000,0.167724609375
1702507269000,0.14697265625
1702507449000,0.138916015625
1702507629000,0.17138671875
1702507809000,0.154052734375
1702507989000,0.146484375
1702508169000,0.159912109375
1702508349000,0.158203125
1701935693000,0.147705078125
1701936278000,0.1728515625
1701936908000,0.162109375
1701937493000,0.16357421875
1701938078000,0.151611328125
1701938708000,0.14697265625
1701939293000,0.15576171875
1701939878000,0.14697265625
1701940508000,0.1650390625
1701941093000,0.15380859375
1701941678000,0.141845703125
1701942308000,0.145751953125
1701942893000,0.177001953125
1701943478000,0.142333984375
1701944108000,0.13427734375
1701944693000,0.13916015625
1701945278000,0.1513671875
1701945908000,0.137939453125
1701946493000,0.15234375
1701947123000,0.156494140625
1701947708000,0.160888671875
1701948023000,0.549072265625
1701948203000,0.549560546875
1701948383000,0.53759765625
1701948563000,0.590087890625
1701948743000,0.47412109375
1701948923000,0.461181640625
1701949103000,0.531494140625
1701949283000,0.488525390625
1701949463000,0.52294921875
1701949643000,0.480712890625
1701949823000,0.4150390625
1701950003000,0.38720703125
1701950183000,0.44677734375
1701950363000,0.432861328125
1701950543000,0.55322265625
1701950723000,0.505859375
1701950903000,0.502685546875
1701951083000,0.503662109375
1701951263000,0.43359375
1701951443000,0.44921875
1701951623000,0.48193359375
1701951803000,0.53466796875
1701951983000,0.513916015625
1701952163000,0.470458984375
1701952343000,0.565185546875
1701952523000,0.494140625
1701952703000,0.509521484375
1701952883000,0.638427734375
1701953063000,0.52783203125
1701953243000,0.47314453125
1701953423000,0.46875
1701953603000,0.541015625
1701953783000,0.418212890625
1701953963000,0.474609375
1701954143000,0.462646484375
1701954323000,0.5283203125
1701954503000,0.464599609375
1701954683000,0.141357421875
1701954863000,0.156005859375
1701955043000,0.154052734375
1701955223000,0.16650390625
1701955403000,0.169189453125
1701955582000,0.145751953125
1701955762000,0.147705078125
1701955942000,0.13427734375
1701956122000,0.1513671875
1701956302000,0.148681640625
1701956482000,0.143798828125
1701956662000,0.146240234375
1701956842000,0.152099609375
1701957022000,0.15478515625
1701957202000,0.13623046875
1701957382000,0.138671875
1701957562000,0.139892578125
1701957742000,0.154296875
1701957922000,0.15673828125
1701958102000,0.147705078125
1701958282000,0.159423828125
1701958462000,0.14208984375
1701958642000,0.168212890625
1701958822000,0.147705078125
1701959002000,0.153564453125
1701959182000,0.15087890625
1701959362000,0.138671875
1701959453000,0.13330078125
1701959587000,0.13330078125
1701959767000,0.148193359375
1701959947000,0.14404296875
1701960127000,0.1494140625
1701960307000,0.1689453125
1701960487000,0.15771484375
1701960667000,0.146728515625
1701960847000,0.15966796875
1701961027000,0.15673828125
1701961207000,0.141357421875
1701961387000,0.138427734375
1701961567000,0.13134765625
1701961747000,0.1689453125
1701961927000,0.134521484375
1701962107000,0.140869140625
1701962287000,0.175537109375
1701962467000,0.143310546875
1701962647000,0.15234375
1701962827000,0.163330078125
1701963007000,0.129638671875
1701963187000,0.158447265625
1701963367000,0.144287109375
1701963547000,0.152587890625
1701963727000,0.14599609375
1701963907000,0.143798828125
1701964087000,0.149658203125
1701964267000,0.169921875
1701964447000,0.141845703125
1701964627000,0.142578125
1701964807000,0.148681640625
1701964987000,0.160400390625
1701965167000,0.145751953125
1701965347000,0.14599609375
1701965527000,0.161376953125
1701965707000,0.140869140625
1701965887000,0.14501953125
1701966067000,0.160400390625
1701966247000,0.16015625
1701966427000,0.16162109375
1701966607000,0.161865234375
1701966787000,0.158203125
1701966967000,0.139892578125
1701967147000,0.144775390625
1701967327000,0.1259765625
1701967507000,0.1416015625
1701967687000,0.13427734375
1701967867000,0.148193359375
1701968047000,0.154052734375
1701968227000,0.13525390625
1701968407000,0.150634765625
1701968587000,0.16064453125
1701968767000,0.155517578125
1701968947000,0.169189453125
1701969127000,0.157958984375
1701969307000,0.166748046875
1701969487000,0.161865234375
1701969667000,0.147216796875
1701969847000,0.15234375
1701970027000,0.13134765625
1701970207000,0.14990234375
1701970387000,0.1513671875
1701970567000,0.1357421875
1701970747000,0.142822265625
1701970927000,0.150390625
1701971017000,0.156005859375
1701971152000,0.156005859375
1701971332000,0.134521484375
1701971512000,0.148193359375
1701971692000,0.1494140625
1701971872000,0.15966796875
1701972052000,0.16845703125
1701972232000,0.154296875
1701972412000,0.140869140625
1701972592000,0.142578125
1701972772000,0.1396484375
1701972952000,0.152587890625
1701973132000,0.16015625
1701973312000,0.153076171875
1701973492000,0.146240234375
1701973672000,0.147216796875
1701973852000,0.160888671875
1701974032000,0.14208984375
1701974212000,0.15185546875
1701974392000,0.15673828125
1701974572000,0.15185546875
1701974752000,0.154052734375
1701974932000,0.1328125
1701975112000,0.1455078125
1701975292000,0.144287109375
1701975472000,0.14892578125
1701975652000,0.14892578125
1701975832000,0.142333984375
1701976012000,0.15185546875
1701976192000,0.147216796875
1701976372000,0.130859375
1701976552000,0.148193359375
1701976732000,0.155029296875
1701976912000,0.1572265625
1701977092000,0.145263671875
1701977272000,0.1513671875
1701977452000,0.137939453125
1701977632000,0.151123046875
1701977812000,0.155029296875
1701977992000,0.153564453125
1701978172000,0.1708984375
1701978352000,0.151611328125
1701978532000,0.146728515625
1701978712000,0.136962890625
1701978892000,0.149658203125
1701979072000,0.14990234375
1701979252000,0.14306640625
1701979432000,0.14892578125
1701979612000,0.14892578125
1701979792000,0.13134765625
1701979972000,0.139404296875
1701980152000,0.1513671875
1701980332000,0.140869140625
1701980512000,0.16845703125
1701980692000,0.14990234375
1701980872000,0.14404296875
1701981052000,0.14453125
1701981232000,0.145751953125
1701981412000,0.154052734375
1701981592000,0.1640625
1701981772000,0.141357421875
1701981952000,0.16015625
1701982132000,0.142333984375
1701982312000,0.154052734375
1701982492000,0.13330078125
1701982672000,0.148193359375
1701982852000,0.15087890625
1701983032000,0.14892578125
1701983212000,0.142333984375
1701983392000,0.161865234375
1701983572000,0.145751953125
1701983752000,0.158935546875
1701983932000,0.13916015625
1701984112000,0.1708984375
1701984292000,0.14404296875
1701984472000,0.152587890625
1701984652000,0.1513671875
1701984832000,0.157470703125
1701985012000,0.150390625
1701985192000,0.15966796875
1701985372000,0.147216796875
1701985552000,0.14697265625
1701985732000,0.15673828125
1701985912000,0.13232421875
1701986092000,0.141845703125
1701986272000,0.149658203125
1701986452000,0.1572265625
1701986632000,0.14892578125
1701986812000,0.15625
1701986992000,0.146240234375
1701987172000,0.148681640625
1701987352000,0.15869140625
1701987532000,0.154541015625
1701987712000,0.156982421875
1701987892000,0.14794921875
1701988072000,0.159912109375
1701988252000,0.144287109375
1701988432000,0.14599609375
1701988612000,0.1533203125
1701988792000,0.156494140625
1701988972000,0.142822265625
1701989152000,0.145263671875
1701989332000,0.16552734375
1701989512000,0.162841796875
1701989692000,0.155029296875
1701989872000,0.155029296875
1700900727000,0.5283203125
1700900855000,0.5283203125
1700901035000,0.4541015625
1700901215000,0.51416015625
1700901395000,0.45849609375
1700901575000,0.546630859375
1700901755000,0.4423828125
1700901935000,0.561767578125
1700902115000,0.52978515625
1700902295000,0.457275390625
1700902475000,0.45556640625
1700902655000,0.70361328125
1700902835000,0.5166015625
1700903015000,0.46484375
1700903195000,0.45556640625
1700903375000,0.513427734375
1700903555000,0.615478515625
1700903735000,0.485107421875
1700903915000,0.517333984375
1700904095000,0.54296875
1700904275000,0.495361328125
1700904455000,0.560302734375
1700904635000,0.521484375
1700904815000,0.5517578125
1700904995000,0.48779296875
1700905175000,0.459716796875
1700905355000,0.44189453125
1700905535000,0.50927734375
1700905715000,0.563720703125
1700905895000,0.5869140625
1700906075000,0.556396484375
1700906255000,0.6279296875
1700906435000,0.53662109375
1700906615000,0.4423828125
1700906795000,0.481689453125
1700906975000,0.57373046875
1700907155000,0.53564453125
1700907335000,0.558349609375
1700907515000,0.519287109375
1700907695000,0.539306640625
1700907875000,0.46533203125
1700908055000,0.595947265625
1700908235000,0.491943359375
1700908415000,0.454833984375
1700908595000,0.52490234375
1700908775000,0.552490234375
1700908955000,0.418701171875
1700909135000,0.53173828125
1700909315000,0.428955078125
1700909495000,0.510009765625
1700909675000,0.466796875
1700909855000,0.5498046875
1700910035000,0.52734375
1700910215000,0.47216796875
1700910395000,0.481201171875
1700910575000,0.47509765625
1700910755000,0.484619140625
1700910935000,0.569091796875
1700911115000,0.55517578125
1700911295000,0.596435546875
1700911475000,0.5380859375
1700911655000,0.50927734375
1700911835000,0.41259765625
1700912015000,0.48974609375
1700912195000,0.518798828125
1700912330000,0.562744140625
1700912735000,0.552490234375
1700912870000,0.552490234375
1700913050000,0.487548828125
1700913230000,0.496337890625
1700913410000,0.5390625
1700913590000,0.574462890625
1700913770000,0.451904296875
1700913950000,0.5146484375
1700914130000,0.67919921875
1700914310000,0.572509765625
1700914490000,0.5400390625
1700914670000,0.599853515625
1700914850000,0.574462890625
1700915030000,0.49365234375
1700915210000,0.542724609375
1700915390000,0.530029296875
1700915570000,0.494140625
1700915750000,0.416748046875
1700915930000,0.548828125
1700916110000,0.5478515625
1700916290000,0.526611328125
1702335689000,0.1494140625
1702335869000,0.14892578125
1702336049000,0.14697265625
1702336229000,0.16162109375
1702336409000,0.15087890625
1702336589000,0.15478515625
1702336769000,0.1591796875
1702336949000,0.167236328125
1702337129000,0.13916015625
1702337309000,0.161865234375
1702337489000,0.1328125
1702337669000,0.140380859375
1702337849000,0.15966796875
1702338029000,0.160888671875
1702338209000,0.1494140625
1702338389000,0.163818359375
1702338569000,0.147216796875
1702338749000,0.145263671875
1702338929000,0.146484375
1702339109000,0.152099609375
1702339289000,0.1474609375
1702339469000,0.150390625
1702339649000,0.146484375
1702339829000,0.15234375
1702340009000,0.13330078125
1702340189000,0.1875
1702340369000,0.14892578125
1702340549000,0.161376953125
1702340729000,0.141845703125
1702340909000,0.145751953125
1702341089000,0.141845703125
1702341269000,0.144287109375
1702341449000,0.16455078125
1702341629000,0.157958984375
1702341809000,0.154296875
1702341944000,0.155029296875
1702342079000,0.155029296875
1702342259000,0.150634765625
1702342439000,0.143310546875
1702342619000,0.14990234375
1702342799000,0.13671875
1702342979000,0.1484375
1702343159000,0.15185546875
1702343339000,0.140869140625
1702343519000,0.1484375
1702343699000,0.16015625
1702343879000,0.16357421875
1702344059000,0.15576171875
1702344239000,0.15234375
1702344419000,0.138916015625
1702344599000,0.147705078125
1702344779000,0.1513671875
1702344959000,0.143310546875
1702345139000,0.166259765625
1702345319000,0.1611328125
1702345499000,0.13916015625
1702345679000,0.1494140625
1702345859000,0.138671875
1702346039000,0.157958984375
1702346219000,0.135009765625
1702346399000,0.147705078125
1702346579000,0.143798828125
1702346759000,0.14697265625
1702346939000,0.144287109375
1702347119000,0.1572265625
1702347299000,0.149169921875
1702347478000,0.156982421875
1702347658000,0.1416015625
1702347838000,0.15087890625
1702348018000,0.1416015625
1702348198000,0.16064453125
1702348378000,0.13720703125
1702348558000,0.15478515625
1702348738000,0.142333984375
1702348918000,0.173583984375
1702349098000,0.16259765625
1702349278000,0.15673828125
1702349458000,0.161376953125
1702349638000,0.150390625
1702349818000,0.156494140625
1702349998000,0.164794921875
1702350178000,0.166748046875
1702350358000,0.16015625
1702350538000,0.13720703125
1702350718000,0.1376953125
1702350898000,0.14404296875
1702351078000,0.15673828125
1702351258000,0.14111328125
1702351438000,0.1630859375
1702351618000,0.17041015625
1702351798000,0.1533203125
1702351978000,0.15625
1702352158000,0.152099609375
1702352338000,0.157958984375
1702352518000,0.162109375
1702352698000,0.134765625
1702352878000,0.148193359375
1702353058000,0.155029296875
1702353238000,0.162353515625
1702353418000,0.160888671875
1702353509000,0.136962890625
1702353643000,0.136962890625
1702353823000,0.132568359375
1702354003000,0.14892578125
1702354183000,0.16552734375
1702354363000,0.137451171875
1702354543000,0.167236328125
1702354723000,0.155517578125
1702354903000,0.149169921875
1702355083000,0.162841796875
1702355263000,0.14697265625
1702355443000,0.15673828125
1702355623000,0.17919921875
1702355803000,0.138916015625
1702355983000,0.159423828125
1702356163000,0.1533203125
1702356343000,0.14404296875
1702356523000,0.1455078125
1702356703000,0.15576171875
1702356883000,0.1396484375
1702357063000,0.137451171875
1702357243000,0.1708984375
1702357423000,0.134033203125
1702357603000,0.14013671875
1702357783000,0.140380859375
1702357963000,0.147705078125
1702358143000,0.16357421875
1702358323000,0.14501953125
1702358503000,0.15380859375
1702358683000,0.136962890625
1702358863000,0.154052734375
1702359043000,0.142578125
1702359223000,0.156005859375
1702359403000,0.152587890625
1702359583000,0.167724609375
1702359763000,0.181396484375
1702359943000,0.138671875
1702360123000,0.140380859375
1702360303000,0.15771484375
1702360483000,0.158203125
1702360663000,0.1572265625
1702360843000,0.150146484375
1702361023000,0.15380859375
1702361203000,0.1767578125
1702361383000,0.145263671875
1702361563000,0.14697265625
1702361743000,0.153564453125
1702361923000,0.134033203125
1702362103000,0.13427734375
1702362283000,0.150146484375
1702362463000,0.15673828125
1702362643000,0.15185546875
1702362823000,0.160888671875
1702363003000,0.15185546875
1702363183000,0.14111328125
1702363363000,0.146240234375
1702363543000,0.14501953125
1702363723000,0.166748046875
1702363903000,0.168212890625
1702364083000,0.152587890625
1702364263000,0.13916015625
1702364443000,0.150634765625
1702364623000,0.16455078125
1702364803000,0.156494140625
1702364983000,0.149658203125
1702365073000,0.16943359375
1702365298000,0.16162109375
1702365883000,0.173828125
1702366468000,0.166259765625
1702367098000,0.1494140625
1702367683000,0.164306640625
1702368268000,0.14892578125
1702368898000,0.16455078125
1702369483000,0.151123046875
1702370068000,0.159912109375
1702370698000,0.1591796875
1702371283000,0.162353515625
1702371868000,0.138916015625
1702372498000,0.147705078125
1702373083000,0.148193359375
1702373668000,0.155029296875
1702374298000,0.1416015625
1702374883000,0.15478515625
1702375468000,0.12744140625
1702376098000,0.1591796875
1702376683000,0.1669921875
1702377268000,0.1552734375
1702377898000,0.163330078125
1702378483000,0.136474609375
1702379113000,0.14599609375
1702379698000,0.14111328125
1702380283000,0.134765625
1702380868000,0.150634765625
1702381498000,0.150146484375
1702382083000,0.15869140625
1702382668000,0.151611328125
1702383298000,0.152587890625
1702383883000,0.158935546875
1702384468000,0.1435546875
1702385098000,0.151611328125
1702385683000,0.1494140625
1702386268000,0.15380859375
1702386898000,0.13525390625
1702387483000,0.14697265625
1702388075000,0.44677734375
1702388203000,0.44677734375
1702388383000,0.466552734375
1702388562000,0.467041015625
1702388742000,0.4697265625
1702388922000,0.50634765625
1702389102000,0.422119140625
1702389282000,0.438720703125
1702389462000,0.49365234375
1702389642000,0.478515625
1702389822000,0.522705078125
1702390002000,0.537353515625
1702390182000,0.4814453125
1702390362000,0.532958984375
1702390542000,0.56884765625
1702390722000,0.582763671875
1702390902000,0.504638671875
1702391082000,0.576171875
1702391262000,0.451171875
1702391442000,0.475830078125
1702391622000,0.466552734375
1702391802000,0.542236328125
1702391982000,0.5126953125
1702392162000,0.552001953125
1702392342000,0.5419921875
1702392522000,0.528076171875
1702392702000,0.478759765625
1702392882000,0.516357421875
1702393062000,0.15478515625
1702393242000,0.15380859375
1702393422000,0.1572265625
1702393602000,0.148193359375
1702393782000,0.139892578125
1702393962000,0.154052734375
1702394142000,0.14111328125
1702394322000,0.1650390625
1702394502000,0.143798828125
1702394682000,0.146728515625
1702394862000,0.1376953125
1702395042000,0.148193359375
1702395222000,0.136962890625
1702395402000,0.5498046875
1702395582000,0.582275390625
1702395762000,0.447509765625
1702395942000,0.474853515625
1702396122000,0.516845703125
1702396302000,0.50634765625
1702396482000,0.4951171875
1702396662000,0.557373046875
1702396842000,0.504638671875
1702397022000,0.572509765625
1702397202000,0.52978515625
1702397382000,0.529541015625
1702397562000,0.5107421875
1702397742000,0.444580078125
1702397922000,0.506103515625
1702398102000,0.4755859375
1702398282000,0.457275390625
1702398462000,0.55517578125
1702398642000,0.622314453125
1702398822000,0.587158203125
1702399002000,0.505859375
1702399182000,0.485107421875
1702399362000,0.509765625
1702399542000,0.541259765625
1702399633000,0.47265625
1702399767000,0.47265625
1702399947000,0.521240234375
1702400127000,0.452392578125
1702400307000,0.47412109375
1702400487000,0.472412109375
1702400667000,0.444580078125
1702400847000,0.52783203125
1702401027000,0.541748046875
1702401207000,0.580810546875
1702401387000,0.582275390625
1702401567000,0.491943359375
1702401747000,0.59619140625
1702401927000,0.5361328125
1702402107000,0.4619140625
1702402287000,0.584228515625
1702402467000,0.49072265625
1702402647000,0.535400390625
1702402827000,0.47314453125
1702403007000,0.538330078125
1702403187000,0.558349609375
1702403367000,0.45947265625
1702403547000,0.557861328125
1702403727000,0.486083984375
1702403907000,0.490478515625
1702404087000,0.52001953125
1702404267000,0.474609375
1702404447000,0.45458984375
1702404627000,0.56787109375
1702404807000,0.5009765625
1702404987000,0.556396484375
1702405167000,0.484130859375
1702405347000,0.549560546875
1702405527000,0.4853515625
1702405707000,0.453857421875
1702405887000,0.657958984375
1702406067000,0.497314453125
1702406247000,0.615234375
1702406427000,0.47412109375
1702406607000,0.537353515625
1702406787000,0.625244140625
1702406967000,0.449951171875
1702407147000,0.52197265625
1702407327000,0.4970703125
1702407507000,0.537841796875
1702407687000,0.50439453125
1702407867000,0.631103515625
1702408047000,0.556640625
1702408227000,0.48974609375
1702408407000,0.54833984375
1702408587000,0.53515625
1702408767000,0.50146484375
1702408947000,0.576171875
1702409127000,0.552490234375
1702409307000,0.515625
1702409487000,0.49560546875
1702409667000,0.5009765625
1702409847000,0.4814453125
1702410027000,0.497314453125
1702410207000,0.558837890625
1702410387000,0.47607421875
1702410567000,0.46875
1702410747000,0.495849609375
1702410927000,0.490478515625
1702411107000,0.57373046875
1702411197000,0.159912109375
1702411332000,0.159912109375
1702411512000,0.14501953125
1702411692000,0.13818359375
1702411872000,0.14599609375
1702412052000,0.152099609375
1702412232000,0.147216796875
1702412412000,0.1328125
1702412592000,0.157470703125
1702412772000,0.169921875
1702412952000,0.168212890625
1702413132000,0.14794921875
1702413312000,0.16015625
1702413492000,0.165283203125
1702413672000,0.14111328125
1702413852000,0.156005859375
1702414032000,0.152587890625
1702414212000,0.178466796875
1702414392000,0.171142578125
1702414572000,0.16015625
1702414752000,0.16259765625
1702414932000,0.136474609375
1702415112000,0.150146484375
1702415292000,0.1650390625
1702415472000,0.150634765625
1702415652000,0.145751953125
1702415832000,0.16064453125
1702416012000,0.165771484375
1702416192000,0.17431640625
1702416372000,0.152099609375
1702416552000,0.135498046875
1702416732000,0.1396484375
1702416912000,0.15185546875
1702417092000,0.1513671875
1702417272000,0.156982421875
1702417452000,0.14892578125
1702417632000,0.16259765625
1702417812000,0.1552734375
1702417992000,0.144775390625
1702418172000,0.140380859375
1702418352000,0.15380859375
1702418532000,0.16455078125
1702418712000,0.149658203125
1702418892000,0.140625
1702419072000,0.151123046875
1702419252000,0.163330078125
1702419432000,0.15673828125
1702419612000,0.14501953125
1702419792000,0.16455078125
1702419972000,0.1416015625
1702420152000,0.13720703125
1702420332000,0.138671875
1702420512000,0.134765625
1702420692000,0.15673828125
1702420872000,0.14892578125
1702421052000,0.141845703125
1702421232000,0.147705078125
1702421412000,0.145751953125
1702421592000,0.137939453125
1702421772000,0.134765625
1702421952000,0.150146484375
1702715081000,0.281005859375
1702715209000,0.281005859375
1702715389000,0.515869140625
1702715569000,0.480712890625
1702715749000,0.62353515625
1702715929000,0.428466796875
1702716109000,0.54345703125
1702716289000,0.493408203125
1702716469000,0.481201171875
1702716649000,0.462646484375
1702716829000,0.561767578125
1702717009000,0.63330078125
1702717189000,0.488525390625
1702717369000,0.53369140625
1702717549000,0.534912109375
1702717729000,0.45654296875
1702717909000,0.502197265625
1702718089000,0.448974609375
1702718269000,0.47021484375
1702718449000,0.476806640625
1702718629000,0.515869140625
1702718809000,0.45458984375
1702718989000,0.495361328125
1702719169000,0.478759765625
1702719349000,0.51513671875
1702719529000,0.526611328125
1702719709000,0.4580078125
1702719889000,0.55517578125
1702720069000,0.4951171875
1702720249000,0.477783203125
1702720429000,0.492919921875
1702720609000,0.492919921875
1702720789000,0.48486328125
1702720969000,0.49462890625
1702721149000,0.436279296875
1702721329000,0.575439453125
1702721509000,0.434326171875
1702721689000,0.44873046875
1702721869000,0.435546875
1702722049000,0.481689453125
1702722229000,0.470947265625
1702722409000,0.51123046875
1702722589000,0.590087890625
1702722769000,0.535400390625
1702722949000,0.50634765625
1702723129000,0.493408203125
1702723309000,0.496337890625
1702723489000,0.51708984375
1702723669000,0.51025390625
1702723849000,0.515869140625
1702724029000,0.51025390625
1702724209000,0.537353515625
1702724389000,0.47607421875
1702724569000,0.479736328125
1702724749000,0.42578125
1702724929000,0.500244140625
1702725109000,0.51416015625
1702725289000,0.463623046875
1702725469000,0.39892578125
1702725649000,0.51513671875
1702725829000,0.4912109375
1702726009000,0.45751953125
1702726189000,0.525390625
1702726369000,0.5205078125
1702726549000,0.54833984375
1702726684000,0.57421875
1702727089000,0.493408203125
1702727224000,0.493408203125
1702727404000,0.497314453125
1702727584000,0.470458984375
1702727764000,0.498779296875
1702727944000,0.43115234375
1702728124000,0.531494140625
1702728304000,0.44677734375
1702728484000,0.507080078125
1702728664000,0.541259765625
1702728844000,0.52783203125
1702729024000,0.564208984375
1702729204000,0.465087890625
1702729384000,0.4443359375
1702729564000,0.479736328125
1702729744000,0.45458984375
1702729924000,0.51220703125
1702730104000,0.554931640625
1702730284000,0.565673828125
1702730464000,0.47998046875
1702730644000,0.54345703125
1702730824000,0.51611328125
1702731004000,0.613037109375
1702731184000,0.447509765625
1702731364000,0.52783203125
1702731544000,0.4775390625
1702731724000,0.54296875
1702731904000,0.438232421875
1702732084000,0.53466796875
1702732264000,0.48828125
1702732444000,0.48193359375
1702732624000,0.561279296875
1702732804000,0.56689453125
1702732984000,0.439697265625
1702733164000,0.434814453125
1702733344000,0.495361328125
1702733524000,0.41845703125
1702733704000,0.5693359375
1702733884000,0.50634765625
1702734064000,0.5546875
1702734244000,0.484375
1702734424000,0.457275390625
1702734604000,0.473876953125
1702734784000,0.49755859375
1702734964000,0.547119140625
1702735144000,0.496337890625
1702735324000,0.530517578125
1702735504000,0.57958984375
1702735684000,0.46533203125
1702735864000,0.592041015625
1702736044000,0.390869140625
1702736224000,0.479736328125
1702736404000,0.55419921875
1702736584000,0.495361328125
1702736764000,0.506103515625
1702736944000,0.5087890625
1702737124000,0.53466796875
1702737304000,0.44091796875
1702737484000,0.49267578125
1702737664000,0.498046875
1702737844000,0.46044921875
1702738024000,0.5302734375
1702738204000,0.529052734375
1702738384000,0.46923828125
1702738564000,0.48681640625
1702738654000,0.473388671875
1702738789000,0.473388671875
1702738969000,0.504638671875
1702739149000,0.55908203125
1702739329000,0.4296875
1702739509000,0.427978515625
1702739689000,0.49951171875
1702739869000,0.47119140625
1702740049000,0.44677734375
1702740229000,0.427734375
1702740409000,0.411865234375
1702740589000,0.524169921875
1702740769000,0.462646484375
1702740949000,0.576416015625
1702741129000,0.48388671875
1702741309000,0.426025390625
1702741489000,0.455322265625
1702741668000,0.49658203125
1702741848000,0.473876953125
1702742028000,0.528076171875
1702742208000,0.494384765625
1702742388000,0.5078125
1702742568000,0.44140625
1702742748000,0.484375
1702742928000,0.51220703125
1702743108000,0.523681640625
1702743288000,0.4794921875
1702743468000,0.52783203125
1702743648000,0.492431640625
1702743828000,0.482666015625
1702744008000,0.603759765625
1702744188000,0.603271484375
1702744368000,0.47509765625
1702744548000,0.50830078125
1702744728000,0.15625
1702744908000,0.134521484375
1702745088000,0.13818359375
1702745268000,0.156005859375
1702745448000,0.1494140625
1702745628000,0.14013671875
1702745808000,0.14697265625
1702745988000,0.1396484375
1702746168000,0.141357421875
1702746348000,0.14453125
1702746528000,0.156982421875
1702746708000,0.14453125
1702746888000,0.161865234375
1702747068000,0.14697265625
1702747248000,0.166748046875
1702747428000,0.142578125
1702747608000,0.173828125
1702747788000,0.168212890625
1702747968000,0.145751953125
1702748148000,0.146240234375
1702748328000,0.153564453125
1702748508000,0.14306640625
1702748688000,0.13134765625
1702748868000,0.1416015625
1702749048000,0.1630859375
1702749228000,0.137939453125
1702749408000,0.1513671875
1702749588000,0.137451171875
1702749768000,0.142578125
1702749948000,0.1591796875
1702750128000,0.137451171875
1702750308000,0.13134765625
1702750488000,0.162353515625
1702750668000,0.138671875
1702750848000,0.15234375
1702751028000,0.14306640625
1702751208000,0.155517578125
1702751388000,0.158935546875
1702751568000,0.144775390625
1702751748000,0.137451171875
1702751928000,0.144287109375
1702752108000,0.1669921875
1702752288000,0.13671875
1702752468000,0.14794921875
1702752648000,0.157958984375
1702752828000,0.15625
1702753008000,0.149169921875
1702753188000,0.1552734375
1702753368000,0.1767578125
1702753548000,0.14404296875
1702753728000,0.15283203125
1702753908000,0.140380859375
1702754088000,0.1416015625
1702754268000,0.15283203125
1702754448000,0.149658203125
1702754628000,0.1748046875
1702754808000,0.14208984375
1702754988000,0.144287109375
1702755168000,0.1484375
1702755348000,0.157958984375
1702755528000,0.150634765625
1702755708000,0.135009765625
1702755888000,0.172119140625
1702756068000,0.163330078125
1702756248000,0.15380859375
1702756428000,0.1416015625
1702756608000,0.15234375
1702756788000,0.13671875
1702756968000,0.14306640625
1702757148000,0.14794921875
1702757328000,0.167236328125
1702757508000,0.146484375
1702757688000,0.14453125
1702757868000,0.14892578125
1702758048000,0.1689453125
1702758228000,0.1630859375
1702758408000,0.16455078125
1702758588000,0.142822265625
1702758768000,0.126953125
1702758948000,0.14990234375
1702759128000,0.15380859375
1702759308000,0.144287109375
1702759488000,0.157470703125
1702759668000,0.1572265625
1702759848000,0.15087890625
1702760028000,0.1552734375
1702760208000,0.14599609375
1702760388000,0.136962890625
1702760568000,0.149169921875
1702760748000,0.131103515625
1702760928000,0.146728515625
1702761108000,0.14111328125
1702761288000,0.1455078125
1702761468000,0.142822265625
1702761648000,0.153076171875
1702761738000,0.142822265625
1702761873000,0.142822265625
1702762053000,0.145751953125
1702762233000,0.1396484375
1702762413000,0.142822265625
1702762593000,0.15869140625
1702762773000,0.149169921875
1702762953000,0.149658203125
1702763133000,0.148681640625
1702763313000,0.149169921875
1702763493000,0.156005859375
1702763673000,0.136474609375
1702763853000,0.145263671875
1702764033000,0.133056640625
1702764213000,0.153564453125
1702764393000,0.162353515625
1702764573000,0.142578125
1702764753000,0.146240234375
1702764933000,0.16650390625
1702765113000,0.14208984375
1702765293000,0.1455078125
1702765473000,0.15234375
1702765653000,0.145751953125
1702765833000,0.16796875
1702766013000,0.14892578125
1702766193000,0.147216796875
1702766373000,0.138916015625
1702766553000,0.154296875
1702766733000,0.142822265625
1702766913000,0.156494140625
1702767093000,0.142578125
1702767273000,0.14892578125
1702767453000,0.1484375
