IS2VV,IS2VA,IS2HV,IS2AAP,IS2VAP,IS2HAP,IS2AV,IS2AA
0.2880859375,0.0517578125,0.3369140625,0.1318359375,0.173583984375,0.141357421875,0.1513671875,0.024169921875
0.28076171875,0.05322265625,0.34423828125,0.140380859375,0.231689453125,0.161376953125,0.19287109375,0.024169921875
0.25634765625,0.051513671875,0.21240234375,0.12548828125,0.198974609375,0.159423828125,0.1513671875,0.023681640625
0.2978515625,0.052734375,0.3857421875,0.131103515625,0.18505859375,0.15283203125,0.166015625,0.024658203125
0.22216796875,0.052001953125,0.38330078125,0.12744140625,0.194091796875,0.16650390625,0.09521484375,0.024658203125
0.2001953125,0.05419921875,0.3125,0.142822265625,0.19580078125,0.1630859375,0.15625,0.0244140625
0.20751953125,0.05224609375,0.3173828125,0.139404296875,0.18798828125,0.157470703125,0.166015625,0.024169921875
0.27099609375,0.054443359375,0.28564453125,0.148681640625,0.20263671875,0.1669921875,0.1708984375,0.024658203125
0.17333984375,0.0537109375,0.32958984375,0.1474609375,0.18701171875,0.147705078125,0.1025390625,0.024169921875
0.2978515625,0.0517578125,0.37109375,0.125244140625,0.2041015625,0.150390625,0.14892578125,0.0234375
0.24169921875,0.0546875,0.29541015625,0.1298828125,0.192626953125,0.134765625,0.205078125,0.02392578125
0.29296875,0.0517578125,0.3076171875,0.12841796875,0.17626953125,0.15576171875,0.1708984375,0.0244140625
0.28564453125,0.052978515625,0.27099609375,0.12744140625,0.1923828125,0.150146484375,0.10986328125,0.024169921875
0.2294921875,0.052978515625,0.32958984375,0.13134765625,0.198486328125,0.163330078125,0.17822265625,0.02392578125
0.23681640625,0.052978515625,0.33203125,0.147216796875,0.1904296875,0.17236328125,0.1611328125,0.025146484375
0.1806640625,0.052734375,0.30517578125,0.12646484375,0.1904296875,0.142822265625,0.11474609375,0.024169921875
0.1806640625,0.05322265625,0.31494140625,0.138916015625,0.17578125,0.169677734375,0.14404296875,0.02490234375
0.2099609375,0.053466796875,0.3125,0.1298828125,0.224853515625,0.154052734375,0.18310546875,0.025390625
0.16845703125,0.0517578125,0.2978515625,0.149658203125,0.19091796875,0.172607421875,0.146484375,0.024169921875
0.224609375,0.05224609375,0.35400390625,0.132568359375,0.1865234375,0.158447265625,0.1806640625,0.023681640625
0.28076171875,0.05322265625,0.322265625,0.142822265625,0.184326171875,0.16943359375,0.1416015625,0.024658203125
0.1806640625,0.05322265625,0.38330078125,0.1220703125,0.166259765625,0.15869140625,0.146484375,0.0244140625
0.30517578125,0.05322265625,0.2880859375,0.131103515625,0.185546875,0.150634765625,0.10986328125,0.0244140625
0.224609375,0.052490234375,0.2978515625,0.12939453125,0.177490234375,0.1669921875,0.18310546875,0.02490234375
0.23681640625,0.05419921875,0.36865234375,0.1513671875,0.19580078125,0.130859375,0.13671875,0.02392578125
0.263671875,0.051513671875,0.3173828125,0.118408203125,0.205810546875,0.165283203125,0.126953125,0.0244140625
0.48095703125,0.053466796875,0.25634765625,0.12353515625,0.192138671875,0.15234375,0.17822265625,0.0234375
0.2734375,0.053955078125,0.2978515625,0.140380859375,0.2021484375,0.155517578125,0.15869140625,0.023681640625
0.20751953125,0.05419921875,0.30029296875,0.12646484375,0.213134765625,0.145751953125,0.1220703125,0.0234375
0.2490234375,0.0537109375,0.36865234375,0.1455078125,0.18359375,0.158447265625,0.1806640625,0.023681640625
0.3076171875,0.05322265625,0.32470703125,0.14990234375,0.197265625,0.1611328125,0.1318359375,0.023681640625
0.3369140625,0.055908203125,0.4052734375,0.136474609375,0.166748046875,0.155029296875,0.1123046875,0.024658203125
0.1904296875,0.054443359375,0.35400390625,0.125,0.23291015625,0.153564453125,0.1708984375,0.0244140625
0.21484375,0.053955078125,0.3076171875,0.14501953125,0.18359375,0.161865234375,0.17333984375,0.024169921875
0.18310546875,0.0517578125,0.27587890625,0.138671875,0.181396484375,0.16064453125,0.15380859375,0.0234375
0.2880859375,0.0546875,0.31005859375,0.11572265625,0.18310546875,0.1875,0.166015625,0.0234375
0.22705078125,0.05322265625,0.3125,0.12841796875,0.1826171875,0.158203125,0.13427734375,0.0244140625
0.2685546875,0.053955078125,0.30029296875,0.145751953125,0.19970703125,0.1474609375,0.13671875,0.024169921875
0.2197265625,0.05322265625,0.28076171875,0.13232421875,0.17529296875,0.154296875,0.1611328125,0.024169921875
0.22705078125,0.053466796875,0.3076171875,0.148681640625,0.186279296875,0.1552734375,0.13916015625,0.023681640625
0.29296875,0.052978515625,0.2978515625,0.134033203125,0.195068359375,0.15478515625,0.107421875,0.023681640625
0.322265625,0.052978515625,0.3125,0.134033203125,0.22265625,0.15673828125,0.11962890625,0.023681640625
0.20751953125,0.053466796875,0.27099609375,0.128173828125,0.203125,0.147705078125,0.15625,0.0234375
0.15380859375,0.052001953125,0.283203125,0.13720703125,0.186767578125,0.149658203125,0.18310546875,0.02392578125
0.21728515625,0.0537109375,0.34423828125,0.14013671875,0.184814453125,0.175537109375,0.107421875,0.023681640625
0.1416015625,0.05419921875,0.23681640625,0.13427734375,0.181396484375,0.1591796875,0.1220703125,0.02392578125
0.2783203125,0.05419921875,0.234375,0.1328125,0.1796875,0.170654296875,0.13427734375,0.023681640625
0.244140625,0.053466796875,0.2880859375,0.13671875,0.2060546875,0.132568359375,0.15869140625,0.0234375
0.23681640625,0.0546875,0.26611328125,0.1396484375,0.19775390625,0.156005859375,0.12451171875,0.02392578125
0.185546875,0.052978515625,0.3173828125,0.1376953125,0.175537109375,0.159423828125,0.17333984375,0.024169921875
0.1416015625,0.0537109375,0.26123046875,0.1474609375,0.20654296875,0.147705078125,0.11474609375,0.0234375
0.2880859375,0.05322265625,0.2978515625,0.125,0.207763671875,0.153564453125,0.21484375,0.02392578125
0.2783203125,0.052978515625,0.29296875,0.138427734375,0.185546875,0.139892578125,0.13916015625,0.02392578125
0.20263671875,0.0537109375,0.31494140625,0.13134765625,0.1904296875,0.15185546875,0.107421875,0.023681640625
0.14892578125,0.053466796875,0.29052734375,0.116943359375,0.180419921875,0.16455078125,0.146484375,0.023681640625
0.21728515625,0.05322265625,0.30517578125,0.132080078125,0.177734375,0.171142578125,0.17578125,0.023681640625
0.322265625,0.053466796875,0.3271484375,0.134033203125,0.193603515625,0.156005859375,0.1220703125,0.024658203125
0.13916015625,0.05419921875,0.39306640625,0.134765625,0.179443359375,0.15869140625,0.166015625,0.02392578125
0.21484375,0.05517578125,0.380859375,0.142822265625,0.179443359375,0.154296875,0.15380859375,0.023681640625
0.634765625,0.0546875,0.3125,0.143310546875,0.7490234375,0.391845703125,1.37939453125,0.024658203125
0.634765625,0.0537109375,0.3076171875,0.12548828125,0.7490234375,0.391845703125,1.37939453125,0.02294921875
0.5712890625,0.05517578125,0.2978515625,0.160888671875,0.783203125,0.34521484375,1.5087890625,0.023681640625
0.60302734375,0.0537109375,0.51025390625,0.15087890625,0.9521484375,0.370849609375,0.86181640625,0.023681640625
0.65185546875,0.0537109375,0.33203125,0.124755859375,0.976806640625,0.398193359375,1.24267578125,0.0234375
0.5517578125,0.05322265625,0.32958984375,0.15087890625,1.162841796875,0.481201171875,1.171875,0.0244140625
0.7373046875,0.054931640625,0.32958984375,0.133056640625,0.851806640625,0.423583984375,1.5625,0.023681640625
0.537109375,0.053955078125,0.25390625,0.137451171875,0.923828125,0.3671875,1.2353515625,0.023681640625
0.66650390625,0.0546875,0.24169921875,0.166015625,0.696533203125,0.399169921875,1.09375,0.02392578125
0.712890625,0.054443359375,0.33447265625,0.1376953125,0.944580078125,0.36328125,1.1865234375,0.023681640625
0.703125,0.05419921875,0.28076171875,0.134033203125,1.110107421875,0.53369140625,1.72119140625,0.0244140625
0.78857421875,0.05419921875,0.341796875,0.142578125,1.06298828125,0.490234375,1.455078125,0.02392578125
0.66162109375,0.052734375,0.33447265625,0.132568359375,0.963623046875,0.449951171875,1.4453125,0.024658203125
0.6689453125,0.0556640625,0.29052734375,0.123291015625,0.97216796875,0.474365234375,1.2255859375,0.023681640625
0.703125,0.05322265625,0.26123046875,0.130126953125,0.841552734375,0.38916015625,1.0693359375,0.024169921875
0.7470703125,0.05224609375,0.28564453125,0.128173828125,0.918701171875,0.39599609375,1.06201171875,0.0244140625
0.60546875,0.053955078125,0.33447265625,0.1396484375,1.053955078125,0.384521484375,1.22314453125,0.02392578125
0.751953125,0.0556640625,0.26611328125,0.14794921875,0.9189453125,0.48583984375,1.47705078125,0.0244140625
0.68603515625,0.055419921875,0.2880859375,0.139404296875,0.7685546875,0.328369140625,1.2060546875,0.024169921875
0.63232421875,0.0546875,0.30517578125,0.150634765625,1.048828125,0.4755859375,1.51611328125,0.023681640625
0.634765625,0.05517578125,0.3271484375,0.120849609375,1.037841796875,0.493408203125,1.21826171875,0.023681640625
0.791015625,0.054443359375,0.2880859375,0.141357421875,1.05908203125,0.446533203125,1.66015625,0.02392578125
0.5859375,0.0537109375,0.10009765625,0.135986328125,0.7890625,0.390625,1.37939453125,0.024658203125
0.849609375,0.053955078125,0.14404296875,0.126220703125,1.18212890625,0.48486328125,1.25,0.02392578125
0.6201171875,0.0546875,0.17333984375,0.119384765625,0.93359375,0.43017578125,1.20361328125,0.024169921875
0.74462890625,0.0546875,0.12451171875,0.141845703125,0.92041015625,0.473876953125,1.33544921875,0.02392578125
0.61279296875,0.055419921875,0.1220703125,0.128173828125,1.137939453125,0.467529296875,1.47216796875,0.02490234375
0.65673828125,0.053466796875,0.1171875,0.13427734375,1.017333984375,0.468505859375,1.12060546875,0.0234375
0.6787109375,0.05419921875,0.11962890625,0.126220703125,0.951171875,0.37353515625,1.2890625,0.024658203125
0.6103515625,0.053955078125,0.1513671875,0.13134765625,1.24755859375,0.489013671875,1.39404296875,0.0244140625
0.57373046875,0.05419921875,0.15625,0.12939453125,0.998779296875,0.51123046875,1.1669921875,0.02392578125
0.62255859375,0.05517578125,0.12939453125,0.126708984375,0.896240234375,0.427734375,1.63330078125,0.0234375
0.7666015625,0.055908203125,0.09765625,0.129150390625,1.3876953125,0.53466796875,1.8408203125,0.024169921875
0.5712890625,0.05517578125,0.1513671875,0.12890625,1.137939453125,0.47705078125,1.12060546875,0.024169921875
0.537109375,0.052734375,0.1123046875,0.138916015625,0.859130859375,0.453369140625,1.72607421875,0.0234375
0.76171875,0.052490234375,0.09033203125,0.138916015625,1.380859375,0.513916015625,1.4404296875,0.023193359375
0.7666015625,0.05419921875,0.12939453125,0.13427734375,0.855712890625,0.45068359375,1.44287109375,0.0244140625
0.73486328125,0.054931640625,0.1513671875,0.131103515625,1.241943359375,0.565185546875,1.474609375,0.023681640625
0.72509765625,0.053955078125,0.10986328125,0.1220703125,1.05078125,0.498291015625,1.6748046875,0.024658203125
0.60546875,0.0546875,0.13916015625,0.13916015625,0.99609375,0.35302734375,1.2158203125,0.023681640625
0.78369140625,0.053466796875,0.19287109375,0.141845703125,1.294921875,0.47998046875,1.71875,0.024169921875
0.7421875,0.051513671875,0.1171875,0.131103515625,0.987548828125,0.40625,1.28173828125,0.024169921875
0.7080078125,0.05517578125,0.20751953125,0.143310546875,0.940185546875,0.391357421875,1.5673828125,0.023681640625
0.654296875,0.052978515625,0.21484375,0.13671875,1.214599609375,0.45068359375,1.58203125,0.0244140625
0.76904296875,0.053466796875,0.07080078125,0.16064453125,1.008544921875,0.44140625,1.48193359375,0.0234375
0.61279296875,0.052978515625,0.18310546875,0.138427734375,0.929931640625,0.42431640625,1.36962890625,0.023681640625
0.56884765625,0.052734375,0.166015625,0.126220703125,0.905517578125,0.40185546875,1.04248046875,0.02392578125
0.69091796875,0.052734375,0.1220703125,0.126220703125,1.022216796875,0.365966796875,1.32568359375,0.02392578125
0.60302734375,0.0546875,0.11962890625,0.15087890625,0.99267578125,0.419921875,1.56982421875,0.0244140625
0.79345703125,0.055419921875,0.10986328125,0.1435546875,1.012451171875,0.43896484375,1.30859375,0.023681640625
0.7861328125,0.0537109375,0.1953125,0.139404296875,1.1533203125,0.42724609375,1.455078125,0.02392578125
0.68359375,0.05419921875,0.13671875,0.134765625,1.126220703125,0.4453125,1.7333984375,0.024169921875
0.72265625,0.056396484375,0.13916015625,0.120849609375,1.061767578125,0.523681640625,1.5869140625,0.02392578125
0.6982421875,0.05419921875,0.12939453125,0.1240234375,1.100830078125,0.49267578125,1.2646484375,0.0234375
0.92041015625,0.05419921875,0.13671875,0.124755859375,1.42236328125,0.406982421875,1.494140625,0.02294921875
0.8203125,0.0556640625,0.1171875,0.142333984375,1.42626953125,0.458984375,1.47705078125,0.02392578125
0.73486328125,0.05419921875,0.12939453125,0.148681640625,1.263671875,0.441650390625,1.31591796875,0.024169921875
0.6591796875,0.0546875,0.09521484375,0.139892578125,1.193359375,0.419189453125,1.513671875,0.023681640625
0.63232421875,0.053466796875,0.13671875,0.14306640625,1.171142578125,0.423828125,1.43798828125,0.023681640625
0.673828125,0.052978515625,0.1806640625,0.13330078125,0.921875,0.43212890625,1.6748046875,0.0244140625
0.6982421875,0.054443359375,0.17333984375,0.13037109375,1.181640625,0.408935546875,1.41357421875,0.0234375
0.76171875,0.054931640625,0.11474609375,0.13818359375,0.982666015625,0.44677734375,1.45263671875,0.024169921875
0.75439453125,0.053955078125,0.1904296875,0.146728515625,1.13427734375,0.640625,1.71875,0.023681640625
0.6787109375,0.05224609375,0.10498046875,0.138427734375,1.572509765625,0.469482421875,1.5087890625,0.02392578125
0.8154296875,0.05517578125,0.1513671875,0.136474609375,0.89501953125,0.474853515625,1.708984375,0.0234375
0.70556640625,0.054931640625,0.12451171875,0.157470703125,1.095458984375,0.51318359375,1.64794921875,0.02294921875
0.70556640625,0.055908203125,0.14404296875,0.130859375,1.095458984375,0.51318359375,1.64794921875,0.02294921875
0.79833984375,0.0556640625,0.15869140625,0.135986328125,1.4970703125,1.006591796875,1.81640625,0.0244140625
0.61767578125,0.0556640625,0.12451171875,0.1455078125,1.1474609375,0.39453125,1.26708984375,0.0234375
0.5517578125,0.053466796875,0.1025390625,0.130126953125,0.955322265625,0.4365234375,1.494140625,0.023681640625
0.57373046875,0.053955078125,0.1220703125,0.118408203125,1.166015625,0.372314453125,1.6650390625,0.024169921875
0.73974609375,0.0546875,0.10009765625,0.144775390625,1.226318359375,0.431884765625,1.6943359375,0.024169921875
0.65185546875,0.054931640625,0.11962890625,0.1259765625,1.157958984375,0.4765625,1.66259765625,0.0234375
0.89111328125,0.05419921875,0.13916015625,0.125,1.39453125,0.672607421875,2.21923828125,0.024169921875
0.58349609375,0.052978515625,0.11962890625,0.1650390625,0.90673828125,0.40283203125,1.58203125,0.023681640625
0.54931640625,0.0537109375,0.1171875,0.130859375,1.026123046875,0.4169921875,1.37939453125,0.024169921875
0.6298828125,0.0546875,0.1513671875,0.1279296875,0.9677734375,0.409912109375,1.2158203125,0.023193359375
0.57373046875,0.054931640625,0.1318359375,0.1455078125,1.322509765625,0.452392578125,1.79931640625,0.0244140625
0.5810546875,0.053466796875,0.13916015625,0.131591796875,0.924072265625,0.4453125,1.63330078125,0.02392578125
0.64697265625,0.0556640625,0.107421875,0.136962890625,1.410888671875,0.53857421875,1.6357421875,0.023681640625
0.751953125,0.0537109375,0.13671875,0.140380859375,1.03515625,0.393310546875,1.240234375,0.0234375
0.62744140625,0.054931640625,0.341796875,0.137451171875,1.16748046875,0.47314453125,1.64306640625,0.02392578125
0.60302734375,0.05517578125,0.341796875,0.1240234375,0.970947265625,0.475830078125,1.5771484375,0.0234375
0.8935546875,0.05419921875,0.37841796875,0.137939453125,1.354736328125,0.591552734375,1.689453125,0.024169921875
0.66650390625,0.053955078125,0.25390625,0.1298828125,1.09228515625,0.44287109375,1.42333984375,0.023681640625
0.57373046875,0.056396484375,0.3173828125,0.147705078125,0.988037109375,0.363525390625,1.64306640625,0.023681640625
0.73974609375,0.0537109375,0.24658203125,0.131103515625,0.959716796875,0.449462890625,1.5966796875,0.0234375
0.59326171875,0.05322265625,0.37109375,0.125244140625,1.28564453125,0.629150390625,1.4111328125,0.024169921875
0.64453125,0.053955078125,0.35400390625,0.1298828125,1.1337890625,0.4033203125,1.36474609375,0.022705078125
0.60791015625,0.054443359375,0.31005859375,0.142578125,1.350830078125,0.560302734375,1.669921875,0.024658203125
0.70068359375,0.052978515625,0.3125,0.13037109375,1.213134765625,0.708740234375,1.28173828125,0.02392578125
0.84716796875,0.055419921875,0.380859375,0.137939453125,1.4921875,0.623046875,2.04833984375,0.02392578125
0.72265625,0.0546875,0.35888671875,0.137939453125,0.94482421875,0.35888671875,1.30126953125,0.02392578125
0.78857421875,0.054931640625,0.37841796875,0.147216796875,1.15478515625,0.54052734375,1.337890625,0.02490234375
0.546875,0.05615234375,0.33935546875,0.152099609375,0.9169921875,0.377685546875,1.68701171875,0.023681640625
0.7177734375,0.053955078125,0.34423828125,0.12158203125,1.0283203125,0.44677734375,1.6650390625,0.022705078125
0.80322265625,0.054931640625,0.3125,0.12451171875,1.227294921875,0.55126953125,1.70166015625,0.0234375
0.64453125,0.054443359375,0.2880859375,0.132080078125,1.318359375,0.451904296875,1.6064453125,0.022705078125
0.615234375,0.054443359375,0.28076171875,0.135986328125,0.865234375,0.388671875,1.50634765625,0.024169921875
0.732421875,0.0546875,0.26123046875,0.138916015625,1.189453125,0.61083984375,1.5869140625,0.02392578125
0.7958984375,0.052978515625,0.3466796875,0.135986328125,1.284912109375,0.457275390625,1.70654296875,0.02392578125
0.64697265625,0.052734375,0.31005859375,0.1357421875,0.80908203125,0.3916015625,1.650390625,0.023681640625
0.6982421875,0.055419921875,0.32958984375,0.12646484375,1.06689453125,0.376953125,1.55029296875,0.023193359375
0.8056640625,0.0556640625,0.34912109375,0.1240234375,0.84228515625,0.46826171875,1.5966796875,0.0234375
0.71533203125,0.052734375,0.3369140625,0.126220703125,1.158447265625,0.4970703125,1.6162109375,0.02392578125
0.732421875,0.053955078125,0.2490234375,0.13720703125,1.67822265625,0.62939453125,1.51611328125,0.02392578125
0.68603515625,0.0546875,0.40771484375,0.127197265625,0.92724609375,0.423095703125,1.5625,0.023193359375
0.71533203125,0.0537109375,0.41748046875,0.135986328125,0.973388671875,0.546142578125,1.5185546875,0.023681640625
0.53955078125,0.053466796875,0.34912109375,0.13916015625,1.24853515625,0.6181640625,1.474609375,0.023193359375
0.84228515625,0.05322265625,0.34423828125,0.12109375,1.182861328125,0.439697265625,1.7333984375,0.023681640625
0.65185546875,0.0556640625,0.29541015625,0.1376953125,0.926513671875,0.439453125,1.4453125,0.024169921875
0.64453125,0.054931640625,0.25390625,0.138916015625,1.354736328125,0.464599609375,1.55517578125,0.023681640625
0.69580078125,0.0546875,0.37353515625,0.1484375,1.231689453125,0.583740234375,1.3134765625,0.0234375
0.60546875,0.053466796875,0.4248046875,0.1318359375,1.023193359375,0.486328125,1.572265625,0.023681640625
0.77880859375,0.05419921875,0.2587890625,0.12841796875,1.106689453125,0.480712890625,1.33056640625,0.0234375
0.7177734375,0.052734375,0.400390625,0.12255859375,0.970703125,0.4443359375,1.5087890625,0.0244140625
0.83740234375,0.052734375,0.3564453125,0.1416015625,1.1728515625,0.51171875,1.6748046875,0.0234375
0.63720703125,0.05322265625,0.3955078125,0.13525390625,1.28662109375,0.4560546875,1.3818359375,0.02392578125
0.72998046875,0.0537109375,0.36865234375,0.1376953125,0.914794921875,0.400634765625,1.640625,0.0234375
0.75927734375,0.05078125,0.34912109375,0.1357421875,1.044677734375,0.500244140625,1.53076171875,0.0244140625
0.7568359375,0.052001953125,0.2734375,0.135986328125,1.285888671875,0.427490234375,1.30615234375,0.02392578125
0.6884765625,0.0517578125,0.37841796875,0.146240234375,1.066162109375,0.5341796875,1.31103515625,0.0244140625
0.5712890625,0.052978515625,0.32470703125,0.129638671875,1.065673828125,0.44287109375,1.27685546875,0.023193359375
0.70068359375,0.0517578125,0.3271484375,0.15087890625,1.187255859375,0.518798828125,1.29638671875,0.0244140625
0.74951171875,0.052490234375,0.37109375,0.127685546875,1.191650390625,0.45703125,1.96044921875,0.023681640625
0.5859375,0.05224609375,0.40771484375,0.13818359375,1.14697265625,0.472412109375,1.34033203125,0.023681640625
0.5419921875,0.05078125,0.341796875,0.135986328125,1.48193359375,0.53271484375,1.3623046875,0.0244140625
0.69091796875,0.050537109375,0.234375,0.1259765625,1.00244140625,0.426025390625,1.6015625,0.02392578125
0.5712890625,0.0517578125,0.41015625,0.14453125,0.968505859375,0.440185546875,1.31591796875,0.0244140625
0.60302734375,0.050048828125,0.3515625,0.128173828125,0.884765625,0.35986328125,1.66259765625,0.0244140625
0.66650390625,0.051513671875,0.31005859375,0.13232421875,1.128173828125,0.47509765625,1.20849609375,0.023681640625
0.66650390625,0.05078125,0.400390625,0.139404296875,1.128173828125,0.47509765625,1.20849609375,0.0244140625
0.791015625,0.157958984375,0.40771484375,1.9306640625,1.05078125,0.65234375,1.6162109375,0.25537109375
0.6494140625,0.157958984375,0.35400390625,1.9306640625,1.206787109375,0.583740234375,1.37939453125,0.25537109375
0.61279296875,0.135986328125,0.36865234375,1.4189453125,0.945068359375,0.476806640625,1.50146484375,0.2373046875
0.66650390625,0.123046875,0.35888671875,1.279052734375,1.07666015625,0.47998046875,1.5576171875,0.192138671875
0.5859375,0.12646484375,0.33447265625,1.176513671875,1.549560546875,0.667236328125,1.24267578125,0.181884765625
0.60546875,0.11767578125,0.4052734375,1.416748046875,0.92236328125,0.41748046875,1.3232421875,0.190673828125
0.63232421875,0.140625,0.40771484375,1.4677734375,1.18310546875,0.463134765625,1.2451171875,0.219482421875
0.79833984375,0.13525390625,0.36865234375,1.430908203125,1.525146484375,0.723388671875,1.7333984375,0.184326171875
0.80078125,0.126953125,0.302734375,1.283447265625,1.2490234375,0.515625,1.46728515625,0.189208984375
0.57373046875,0.147705078125,0.34912109375,1.6142578125,0.971923828125,0.48779296875,1.474609375,0.242919921875
0.56884765625,0.150146484375,0.341796875,1.64501953125,1.200927734375,0.7109375,1.55029296875,0.23388671875
0.6591796875,0.135986328125,0.46875,1.37353515625,1.0712890625,0.461181640625,1.61865234375,0.21044921875
0.83251953125,0.14013671875,0.34423828125,1.40576171875,1.1201171875,0.480224609375,1.47705078125,0.210205078125
0.6787109375,0.14697265625,0.51025390625,1.478515625,1.03955078125,0.49462890625,1.5478515625,0.250244140625
0.59814453125,0.15283203125,0.3662109375,1.6982421875,1.1376953125,0.454833984375,1.34765625,0.239990234375
0.62255859375,0.147216796875,0.3662109375,1.70458984375,0.8857421875,0.366455078125,1.47216796875,0.21142578125
0.78125,0.133056640625,0.35400390625,1.6953125,1.47900390625,0.6376953125,1.79931640625,0.21826171875
0.6689453125,0.137939453125,0.2783203125,1.4775390625,1.052490234375,0.45703125,1.5576171875,0.22216796875
0.7080078125,0.144287109375,0.3857421875,1.889892578125,1.15283203125,0.40966796875,1.6357421875,0.246826171875
0.6005859375,0.14697265625,0.36376953125,1.4462890625,1.373779296875,0.7529296875,1.591796875,0.232666015625
0.7958984375,0.145751953125,0.39794921875,1.65673828125,1.1171875,0.49609375,1.4501953125,0.226806640625
0.732421875,0.149169921875,0.4052734375,1.566162109375,0.965087890625,0.45849609375,1.73583984375,0.233642578125
0.91064453125,0.144287109375,0.4052734375,1.560546875,1.114501953125,0.432861328125,1.787109375,0.24072265625
0.77392578125,0.13671875,0.35400390625,1.186279296875,1.021728515625,0.4853515625,1.4599609375,0.2041015625
0.68603515625,0.128662109375,0.32958984375,1.20361328125,1.0576171875,0.441162109375,1.484375,0.184814453125
0.86669921875,0.194091796875,0.33447265625,2.473876953125,1.117919921875,0.498291015625,1.533203125,0.30859375
0.62255859375,0.144287109375,0.41015625,1.38916015625,1.0634765625,0.474365234375,1.4501953125,0.235595703125
0.58349609375,0.152587890625,0.4541015625,1.6376953125,1.33837890625,0.446533203125,1.52099609375,0.2451171875
0.72998046875,0.136474609375,0.380859375,1.4296875,1.03662109375,0.443603515625,1.3916015625,0.216064453125
0.7275390625,0.14306640625,0.3173828125,1.68017578125,1.169677734375,0.644287109375,1.37939453125,0.231689453125
0.53466796875,0.1484375,0.32958984375,1.44970703125,1.125,0.4267578125,1.1962890625,0.248046875
0.72265625,0.1474609375,0.3369140625,1.603271484375,0.95458984375,0.445556640625,1.33544921875,0.2431640625
0.771484375,0.1396484375,0.4150390625,1.29052734375,1.145263671875,0.5009765625,1.4404296875,0.1943359375
0.65673828125,0.140869140625,0.29541015625,1.33984375,1.014404296875,0.475830078125,1.78466796875,0.203857421875
0.67626953125,0.138671875,0.3369140625,1.388427734375,1.146240234375,0.49609375,1.40625,0.20703125
0.7666015625,0.154296875,0.322265625,1.468505859375,0.972900390625,0.442626953125,1.57470703125,0.23291015625
0.60791015625,0.128662109375,0.29296875,1.37158203125,1.06640625,0.39013671875,1.38671875,0.22265625
0.72509765625,0.15625,0.3515625,1.506591796875,1.11083984375,0.431640625,1.5087890625,0.2529296875
0.5419921875,0.146484375,0.3173828125,1.80126953125,1.229248046875,0.49169921875,1.7529296875,0.24560546875
0.64697265625,0.13623046875,0.32958984375,1.45703125,0.919677734375,0.421630859375,1.21826171875,0.215576171875
0.72509765625,0.140625,0.41748046875,1.361572265625,1.05224609375,0.39794921875,1.5234375,0.192626953125
0.7275390625,0.138916015625,0.29052734375,1.65185546875,1.358642578125,0.542236328125,1.5869140625,0.24560546875
0.6494140625,0.13037109375,0.322265625,1.344482421875,1.210205078125,0.494140625,1.38671875,0.2265625
0.64208984375,0.14501953125,0.3369140625,1.66064453125,1.36083984375,0.662109375,1.689453125,0.24365234375
0.68603515625,0.136962890625,0.37841796875,1.467041015625,1.394775390625,0.47314453125,1.455078125,0.220458984375
0.70068359375,0.136474609375,0.38818359375,1.437255859375,1.042724609375,0.47119140625,1.88720703125,0.20654296875
0.5517578125,0.1533203125,0.361328125,1.69970703125,0.938720703125,0.441650390625,1.28662109375,0.251708984375
0.673828125,0.138427734375,0.3173828125,1.472412109375,1.0537109375,0.429931640625,1.47705078125,0.225341796875
0.77392578125,0.131103515625,0.380859375,1.20947265625,1.0107421875,0.54345703125,1.3916015625,0.197509765625
0.75439453125,0.138916015625,0.31005859375,1.364990234375,1.127685546875,0.495849609375,1.52587890625,0.198974609375
0.9228515625,0.137939453125,0.42236328125,1.5322265625,1.56201171875,0.593994140625,1.7626953125,0.217529296875
0.5908203125,0.133056640625,0.41259765625,1.40869140625,1.37646484375,0.4638671875,1.37939453125,0.193115234375
0.5712890625,0.138671875,0.5126953125,1.344970703125,1.0595703125,0.454345703125,1.4404296875,0.20068359375
0.60546875,0.133056640625,0.419921875,1.485107421875,1.037353515625,0.483154296875,1.376953125,0.2197265625
0.5859375,0.136962890625,0.40283203125,1.3701171875,1.12646484375,0.475830078125,1.2939453125,0.221435546875
0.64697265625,0.158447265625,0.3662109375,1.756591796875,1.119140625,0.46533203125,1.6455078125,0.26953125
0.263671875,0.147216796875,0.4541015625,1.627197265625,0.195068359375,0.16015625,0.1513671875,0.235107421875
0.13671875,0.13134765625,0.32958984375,1.27783203125,0.17822265625,0.14794921875,0.15869140625,0.208251953125
0.185546875,0.14306640625,0.36376953125,1.49072265625,0.165771484375,0.16552734375,0.20263671875,0.228759765625
0.2490234375,0.144775390625,0.3369140625,1.4912109375,0.16845703125,0.15283203125,0.1904296875,0.218994140625
0.20263671875,0.156982421875,0.4345703125,1.77587890625,0.19775390625,0.16015625,0.18798828125,0.256103515625
0.27587890625,0.147705078125,0.45166015625,1.5146484375,0.18994140625,0.149169921875,0.14404296875,0.218505859375
0.2490234375,0.163330078125,0.41748046875,1.572265625,0.184326171875,0.14501953125,0.1220703125,0.25146484375
0.2685546875,0.152587890625,0.3759765625,1.635009765625,0.18798828125,0.175048828125,0.14404296875,0.2412109375
0.21484375,0.149658203125,0.39306640625,1.42724609375,0.177734375,0.16650390625,0.185546875,0.224609375
0.2294921875,0.148681640625,0.36376953125,1.603271484375,0.177734375,0.164794921875,0.13916015625,0.25390625
0.14404296875,0.148681640625,0.3076171875,1.603271484375,0.19091796875,0.15625,0.13916015625,0.25390625
0.16845703125,0.143798828125,0.3955078125,1.694580078125,0.1826171875,0.145263671875,0.2880859375,0.266357421875
0.24658203125,0.15625,0.390625,1.705078125,0.203369140625,0.152587890625,0.1220703125,0.237060546875
0.14892578125,0.13623046875,0.30517578125,1.447265625,0.230224609375,0.153076171875,0.15625,0.22998046875
0.22705078125,0.138427734375,0.3271484375,1.536376953125,0.195068359375,0.17578125,0.13916015625,0.23046875
0.2001953125,0.16064453125,0.4443359375,1.82373046875,0.173095703125,0.1396484375,0.17578125,0.282470703125
0.2099609375,0.150146484375,0.390625,1.707763671875,0.178955078125,0.15771484375,0.1220703125,0.24951171875
0.2001953125,0.140869140625,0.35888671875,1.302734375,0.170166015625,0.1640625,0.1220703125,0.219970703125
0.1953125,0.140869140625,0.23681640625,1.63916015625,0.18505859375,0.154296875,0.1806640625,0.234130859375
0.19775390625,0.145751953125,0.2880859375,1.247802734375,0.17919921875,0.156494140625,0.1123046875,0.222412109375
0.1904296875,0.148193359375,0.33935546875,1.52001953125,0.197509765625,0.15771484375,0.14404296875,0.240234375
0.19287109375,0.14208984375,0.3466796875,1.53955078125,0.187744140625,0.158447265625,0.17333984375,0.23828125
0.205078125,0.156494140625,0.33935546875,1.873046875,0.203125,0.173583984375,0.13671875,0.279541015625
0.234375,0.16259765625,0.33935546875,1.544921875,0.1787109375,0.160888671875,0.12451171875,0.23486328125
0.1806640625,0.163818359375,0.33935546875,1.954345703125,0.199462890625,0.172607421875,0.16357421875,0.261962890625
0.20751953125,0.142822265625,0.4345703125,1.5146484375,0.1845703125,0.1591796875,0.1220703125,0.2421875
0.14892578125,0.1787109375,0.361328125,2.841552734375,0.186767578125,0.179931640625,0.1220703125,0.291748046875
0.1513671875,0.149169921875,0.31005859375,1.69287109375,0.192626953125,0.145263671875,0.16845703125,0.272705078125
0.25146484375,0.130126953125,0.46875,1.755859375,0.191650390625,0.160888671875,0.166015625,0.23779296875
0.2197265625,0.15087890625,0.24169921875,1.43359375,0.18359375,0.168701171875,0.14404296875,0.23095703125
0.2734375,0.15673828125,0.32958984375,1.47607421875,0.184326171875,0.14697265625,0.12451171875,0.229736328125
0.2001953125,0.145751953125,0.3125,1.65625,0.18017578125,0.15576171875,0.12451171875,0.239990234375
0.23681640625,0.172119140625,0.322265625,1.860107421875,0.21630859375,0.181640625,0.10498046875,0.2724609375
0.25390625,0.1484375,0.3662109375,1.666015625,0.177978515625,0.17724609375,0.22216796875,0.241455078125
0.27099609375,0.1533203125,0.302734375,1.63232421875,0.17724609375,0.15478515625,0.166015625,0.251220703125
0.20751953125,0.147216796875,0.4296875,1.722900390625,0.191650390625,0.166259765625,0.13916015625,0.251708984375
0.19287109375,0.143798828125,0.4541015625,1.703125,0.1845703125,0.153564453125,0.11474609375,0.2177734375
0.25146484375,0.16015625,0.37841796875,1.897705078125,0.20068359375,0.16552734375,0.10986328125,0.291015625
0.234375,0.1396484375,0.35888671875,1.585693359375,0.202880859375,0.171630859375,0.185546875,0.255126953125
0.2587890625,0.13623046875,0.36376953125,1.36669921875,0.19921875,0.16357421875,0.13427734375,0.215087890625
0.17333984375,0.14501953125,0.390625,1.734130859375,0.184326171875,0.138916015625,0.09765625,0.248046875
0.20263671875,0.140380859375,0.3564453125,1.362548828125,0.17626953125,0.149169921875,0.126953125,0.230712890625
0.224609375,0.1533203125,0.29296875,1.69677734375,0.183349609375,0.141845703125,0.18310546875,0.251953125
0.29052734375,0.145751953125,0.36376953125,1.2783203125,0.218994140625,0.164306640625,0.146484375,0.238525390625
0.33203125,0.15478515625,0.3125,1.66552734375,0.177490234375,0.15673828125,0.1611328125,0.23291015625
0.2294921875,0.130615234375,0.3857421875,1.529296875,0.20556640625,0.160888671875,0.08544921875,0.220703125
0.23681640625,0.142822265625,0.478515625,1.469970703125,0.179931640625,0.162353515625,0.11962890625,0.228515625
0.32958984375,0.150146484375,0.380859375,1.72021484375,0.177001953125,0.161865234375,0.126953125,0.2529296875
0.205078125,0.153076171875,0.361328125,1.88818359375,0.203125,0.1650390625,0.15869140625,0.253173828125
0.1220703125,0.16357421875,0.3125,1.638427734375,0.208251953125,0.140380859375,0.11474609375,0.25732421875
0.17822265625,0.143798828125,0.40283203125,1.508544921875,0.17724609375,0.169677734375,0.1318359375,0.2568359375
0.24658203125,0.149658203125,0.2880859375,1.48828125,0.19140625,0.162841796875,0.1318359375,0.2255859375
0.2783203125,0.1572265625,0.35400390625,1.538330078125,0.2041015625,0.1611328125,0.19287109375,0.24658203125
0.20263671875,0.161865234375,0.3857421875,1.4375,0.169189453125,0.150634765625,0.1123046875,0.2392578125
0.18798828125,0.16845703125,0.37353515625,1.723388671875,0.1904296875,0.148193359375,0.1123046875,0.2509765625
0.17333984375,0.15869140625,0.40283203125,1.675048828125,0.1767578125,0.144775390625,0.16357421875,0.233642578125
0.2734375,0.142822265625,0.3173828125,1.432861328125,0.188232421875,0.16259765625,0.1025390625,0.2373046875
0.28564453125,0.151611328125,0.35888671875,1.6962890625,0.182373046875,0.155517578125,0.17578125,0.271484375
0.2587890625,0.156494140625,0.33935546875,1.626708984375,0.189453125,0.160400390625,0.14892578125,0.236572265625
0.20751953125,0.157958984375,0.2783203125,1.66650390625,0.187744140625,0.179931640625,0.08056640625,0.24169921875
0.21728515625,0.144287109375,0.3759765625,1.401611328125,0.19189453125,0.163818359375,0.10986328125,0.219970703125
0.166015625,0.125732421875,0.37109375,1.1982421875,0.1884765625,0.155517578125,0.20751953125,0.187255859375
0.25634765625,0.15185546875,0.31005859375,1.765625,0.221435546875,0.146484375,0.11962890625,0.25146484375
0.26611328125,0.146484375,0.3759765625,1.6103515625,0.1787109375,0.1494140625,0.09521484375,0.247314453125
0.23193359375,0.158935546875,0.32958984375,1.891845703125,0.19189453125,0.16943359375,0.1513671875,0.26708984375
0.33447265625,0.147216796875,0.41748046875,1.5,0.191650390625,0.149658203125,0.11474609375,0.2119140625
0.16357421875,0.14501953125,0.3955078125,1.5986328125,0.178955078125,0.1494140625,0.10986328125,0.2138671875
0.31982421875,0.157470703125,0.33447265625,1.98583984375,0.179931640625,0.168212890625,0.166015625,0.265380859375
0.23681640625,0.14013671875,0.4052734375,1.2978515625,0.1845703125,0.1435546875,0.15380859375,0.216552734375
0.24169921875,0.1552734375,0.29541015625,2.157958984375,0.18115234375,0.161865234375,0.11474609375,0.253662109375
0.30517578125,0.1318359375,0.478515625,1.269287109375,0.197998046875,0.174072265625,0.17333984375,0.196533203125
0.22216796875,0.17138671875,0.390625,1.7822265625,0.190673828125,0.165771484375,0.185546875,0.262939453125
0.22216796875,0.163818359375,0.3076171875,1.688232421875,0.190673828125,0.165771484375,0.185546875,0.259765625
0.1708984375,0.132080078125,0.49072265625,1.375732421875,0.1953125,0.1611328125,0.1904296875,0.199951171875
0.283203125,0.15185546875,0.33935546875,1.712646484375,0.18603515625,0.15478515625,0.18310546875,0.23974609375
0.23681640625,0.15185546875,0.4833984375,1.712646484375,0.167724609375,0.1640625,0.20263671875,0.23974609375
0.2978515625,0.143310546875,0.3271484375,1.625732421875,0.181396484375,0.162353515625,0.0927734375,0.22119140625
0.2197265625,0.14404296875,0.341796875,1.385009765625,0.18701171875,0.155517578125,0.126953125,0.20751953125
0.35888671875,0.044921875,0.33203125,0.14306640625,0.188232421875,0.159912109375,0.15869140625,0.02392578125
0.19775390625,0.044677734375,0.31005859375,0.142578125,0.181396484375,0.156494140625,0.1025390625,0.023681640625
0.17822265625,0.04296875,0.34912109375,0.131103515625,0.19482421875,0.14892578125,0.1904296875,0.023681640625
0.21484375,0.044921875,0.14892578125,0.1220703125,0.174072265625,0.152099609375,0.107421875,0.02490234375
0.2685546875,0.044189453125,0.087890625,0.135009765625,0.1787109375,0.169921875,0.1708984375,0.0244140625
0.17822265625,0.044677734375,0.1416015625,0.127197265625,0.176513671875,0.1669921875,0.25390625,0.024658203125
0.25390625,0.045654296875,0.126953125,0.130126953125,0.2197265625,0.1796875,0.21484375,0.024658203125
0.14892578125,0.04345703125,0.1123046875,0.13232421875,0.21435546875,0.176513671875,0.15869140625,0.025146484375
0.24658203125,0.044921875,0.146484375,0.134033203125,0.175048828125,0.158935546875,0.10986328125,0.023681640625
0.29052734375,0.043701171875,0.13916015625,0.11962890625,0.2177734375,0.166748046875,0.17333984375,0.024658203125
0.21240234375,0.046630859375,0.15625,0.15625,0.205810546875,0.169189453125,0.10009765625,0.024169921875
0.185546875,0.04443359375,0.13427734375,0.118408203125,0.171142578125,0.150146484375,0.13671875,0.024169921875
0.24658203125,0.045654296875,0.12939453125,0.129150390625,0.1826171875,0.162841796875,0.12451171875,0.024169921875
0.2734375,0.04541015625,0.07568359375,0.14404296875,0.18212890625,0.152099609375,0.185546875,0.023681640625
0.25634765625,0.044189453125,0.0927734375,0.1240234375,0.206787109375,0.1767578125,0.14404296875,0.0244140625
0.2197265625,0.046142578125,0.1123046875,0.137939453125,0.1845703125,0.155029296875,0.08056640625,0.024169921875
0.18310546875,0.046142578125,0.11474609375,0.148193359375,0.194091796875,0.150146484375,0.18310546875,0.0244140625
0.26611328125,0.047119140625,0.13671875,0.12158203125,0.19140625,0.153076171875,0.12451171875,0.02392578125
0.2001953125,0.047119140625,0.166015625,0.123779296875,0.182373046875,0.185302734375,0.13427734375,0.0234375
0.1806640625,0.04736328125,0.14892578125,0.126220703125,0.189208984375,0.169921875,0.13427734375,0.024169921875
0.146484375,0.0478515625,0.12451171875,0.133544921875,0.183837890625,0.155029296875,0.15869140625,0.0234375
0.205078125,0.047119140625,0.14404296875,0.150390625,0.185546875,0.1552734375,0.14892578125,0.023681640625
0.1708984375,0.04736328125,0.146484375,0.140869140625,0.171630859375,0.1494140625,0.244140625,0.02490234375
0.23681640625,0.048583984375,0.1171875,0.1435546875,0.18017578125,0.15478515625,0.13916015625,0.024169921875
0.2587890625,0.0478515625,0.12939453125,0.12451171875,0.197265625,0.175048828125,0.12451171875,0.0234375
0.29052734375,0.04736328125,0.16845703125,0.143798828125,0.179443359375,0.1552734375,0.16845703125,0.0244140625
0.21728515625,0.048583984375,0.15869140625,0.137451171875,0.169677734375,0.156005859375,0.1123046875,0.0244140625
0.28564453125,0.046630859375,0.166015625,0.128173828125,0.198486328125,0.141845703125,0.1171875,0.024658203125
0.263671875,0.047119140625,0.22705078125,0.119384765625,0.1708984375,0.14453125,0.13916015625,0.02392578125
0.21728515625,0.048583984375,0.1513671875,0.127197265625,0.1650390625,0.157470703125,0.15869140625,0.02392578125
0.224609375,0.049072265625,0.13671875,0.137451171875,0.2158203125,0.16796875,0.1953125,0.024658203125
0.19775390625,0.048095703125,0.12451171875,0.140869140625,0.199951171875,0.140625,0.2099609375,0.02392578125
0.15380859375,0.048828125,0.15380859375,0.14501953125,0.185302734375,0.152099609375,0.11962890625,0.023681640625
0.302734375,0.04931640625,0.1220703125,0.12841796875,0.1787109375,0.177490234375,0.20263671875,0.024169921875
0.25146484375,0.04931640625,0.16357421875,0.133544921875,0.18408203125,0.184326171875,0.15380859375,0.02294921875
0.18310546875,0.048828125,0.13427734375,0.14404296875,0.2041015625,0.1572265625,0.1806640625,0.0244140625
0.2392578125,0.048583984375,0.1025390625,0.137939453125,0.19189453125,0.162841796875,0.1318359375,0.025390625
0.28564453125,0.0498046875,0.14892578125,0.12451171875,0.18408203125,0.162353515625,0.1611328125,0.024169921875
0.23193359375,0.048095703125,0.1220703125,0.139404296875,0.186279296875,0.143310546875,0.107421875,0.02490234375
0.234375,0.049560546875,0.15869140625,0.140380859375,0.18115234375,0.1591796875,0.21484375,0.02490234375
0.2197265625,0.049072265625,0.11962890625,0.14306640625,0.18798828125,0.156005859375,0.15380859375,0.0244140625
0.32958984375,0.050048828125,0.1513671875,0.132568359375,0.18115234375,0.148681640625,0.263671875,0.023681640625
0.244140625,0.051513671875,0.146484375,0.13037109375,0.197265625,0.14794921875,0.12451171875,0.0244140625
0.27587890625,0.048583984375,0.15869140625,0.1298828125,0.16552734375,0.154296875,0.1513671875,0.024169921875
0.36865234375,0.04833984375,0.13916015625,0.1376953125,0.193115234375,0.15673828125,0.23681640625,0.0244140625
0.1708984375,0.04931640625,0.107421875,0.130126953125,0.191162109375,0.166259765625,0.16845703125,0.025146484375
0.205078125,0.050048828125,0.1025390625,0.123046875,0.202880859375,0.147216796875,0.13916015625,0.02392578125
0.1806640625,0.04931640625,0.1171875,0.126953125,0.18359375,0.14892578125,0.1318359375,0.0244140625
0.28076171875,0.050537109375,0.13671875,0.143798828125,0.184326171875,0.15283203125,0.1123046875,0.0234375
0.2392578125,0.05078125,0.1318359375,0.126953125,0.202392578125,0.161376953125,0.11962890625,0.023681640625
0.244140625,0.050048828125,0.12939453125,0.1220703125,0.18408203125,0.14404296875,0.15869140625,0.0244140625
0.25634765625,0.049560546875,0.12451171875,0.1279296875,0.19580078125,0.15673828125,0.1123046875,0.023681640625
0.21240234375,0.049560546875,0.14404296875,0.14794921875,0.176025390625,0.132568359375,0.14892578125,0.024658203125
0.1611328125,0.05224609375,0.11474609375,0.135009765625,0.18701171875,0.161376953125,0.16845703125,0.0234375
0.17822265625,0.0498046875,0.13671875,0.124755859375,0.190673828125,0.162109375,0.126953125,0.0244140625
0.1953125,0.050048828125,0.10009765625,0.127197265625,0.176025390625,0.15966796875,0.1806640625,0.024658203125
0.1318359375,0.051025390625,0.1416015625,0.126708984375,0.1708984375,0.159423828125,0.11474609375,0.024169921875
0.3076171875,0.050048828125,0.11474609375,0.13720703125,0.19970703125,0.163330078125,0.13427734375,0.024169921875
0.26611328125,0.050537109375,0.12939453125,0.129638671875,0.202392578125,0.140380859375,0.126953125,0.02490234375
0.26611328125,0.05029296875,0.14404296875,0.146484375,0.202392578125,0.140380859375,0.126953125,0.024658203125
0.30029296875,0.05126953125,0.126953125,0.126220703125,0.173828125,0.151611328125,0.107421875,0.0234375
0.2099609375,0.05078125,0.13427734375,0.135009765625,0.17919921875,0.146728515625,0.09765625,0.024169921875
0.1611328125,0.05126953125,0.10009765625,0.1435546875,0.186767578125,0.178955078125,0.18798828125,0.02392578125
0.22216796875,0.052001953125,0.10986328125,0.125244140625,0.19970703125,0.148681640625,0.1171875,0.02392578125
0.2197265625,0.051025390625,0.1953125,0.135498046875,0.17724609375,0.150390625,0.18798828125,0.0244140625
0.20751953125,0.05517578125,0.12451171875,0.1416015625,0.176513671875,0.1474609375,0.12451171875,0.025146484375
0.2099609375,0.055419921875,0.20263671875,0.130859375,0.194580078125,0.176513671875,0.126953125,0.02392578125
0.21728515625,0.0556640625,0.1318359375,0.136474609375,0.182861328125,0.156005859375,0.13671875,0.02392578125
0.205078125,0.0556640625,0.107421875,0.13720703125,0.171630859375,0.14990234375,0.1123046875,0.02392578125
0.28564453125,0.05517578125,0.15625,0.140380859375,0.17578125,0.15869140625,0.12939453125,0.023681640625
0.23193359375,0.05419921875,0.10498046875,0.145751953125,0.17822265625,0.171142578125,0.12451171875,0.024658203125
0.2490234375,0.05419921875,0.2001953125,0.14501953125,0.186767578125,0.164794921875,0.20263671875,0.023681640625
0.2880859375,0.05517578125,0.1123046875,0.1357421875,0.195556640625,0.162109375,0.16357421875,0.023681640625
0.1953125,0.054931640625,0.09765625,0.12890625,0.17333984375,0.152099609375,0.1513671875,0.024169921875
0.24169921875,0.055419921875,0.146484375,0.127685546875,0.19873046875,0.177001953125,0.18798828125,0.023681640625
0.2294921875,0.05517578125,0.146484375,0.140380859375,0.1748046875,0.145751953125,0.15869140625,0.02392578125
0.2685546875,0.0537109375,0.19287109375,0.155517578125,0.190185546875,0.15283203125,0.283203125,0.02392578125
0.18798828125,0.054443359375,0.13916015625,0.1328125,0.17626953125,0.160400390625,0.09765625,0.0244140625
0.33203125,0.055419921875,0.1025390625,0.14501953125,0.180419921875,0.148681640625,0.15625,0.024658203125
0.17578125,0.0537109375,0.1416015625,0.129150390625,0.16845703125,0.155517578125,0.13671875,0.024169921875
0.3369140625,0.05517578125,0.11962890625,0.138427734375,0.192138671875,0.171142578125,0.19287109375,0.02490234375
0.18310546875,0.053466796875,0.107421875,0.13525390625,0.19189453125,0.15380859375,0.2001953125,0.023681640625
0.185546875,0.05419921875,0.11474609375,0.128173828125,0.185302734375,0.158203125,0.1611328125,0.024169921875
0.185546875,0.0546875,0.10009765625,0.152587890625,0.185546875,0.150146484375,0.13427734375,0.024169921875
0.1904296875,0.055419921875,0.12939453125,0.145263671875,0.163330078125,0.137451171875,0.1123046875,0.023193359375
0.25634765625,0.0546875,0.14892578125,0.144775390625,0.1669921875,0.14697265625,0.19287109375,0.02490234375
0.2294921875,0.0556640625,0.1025390625,0.135498046875,0.17138671875,0.154052734375,0.11962890625,0.02392578125
0.224609375,0.053466796875,0.1513671875,0.12451171875,0.1884765625,0.172119140625,0.14892578125,0.023681640625
0.1904296875,0.054443359375,0.1318359375,0.139892578125,0.198974609375,0.15869140625,0.126953125,0.0244140625
0.2197265625,0.0556640625,0.1318359375,0.138427734375,0.177490234375,0.136962890625,0.15625,0.023681640625
0.244140625,0.05615234375,0.13671875,0.14111328125,0.17822265625,0.150634765625,0.21728515625,0.023681640625
0.3125,0.054931640625,0.15625,0.131591796875,0.176513671875,0.151611328125,0.17822265625,0.0244140625
0.13916015625,0.0546875,0.17333984375,0.122802734375,0.20556640625,0.167236328125,0.12939453125,0.023681640625
0.205078125,0.05615234375,0.107421875,0.1376953125,0.17626953125,0.14306640625,0.126953125,0.02392578125
0.34423828125,0.055419921875,0.17333984375,0.12451171875,0.198974609375,0.156005859375,0.1953125,0.0244140625
0.20751953125,0.054931640625,0.1708984375,0.131103515625,0.201904296875,0.1474609375,0.12451171875,0.024169921875
0.22216796875,0.055419921875,0.11474609375,0.115234375,0.17822265625,0.16455078125,0.19775390625,0.024169921875
0.2783203125,0.055908203125,0.2001953125,0.137451171875,0.201904296875,0.146728515625,0.13427734375,0.0244140625
0.21728515625,0.055419921875,0.16357421875,0.120849609375,0.18408203125,0.1640625,0.146484375,0.0244140625
0.15380859375,0.055419921875,0.1513671875,0.152587890625,0.19482421875,0.144775390625,0.1171875,0.024658203125
0.30029296875,0.053955078125,0.1318359375,0.1259765625,0.19921875,0.160400390625,0.20263671875,0.0244140625
0.185546875,0.054443359375,0.17333984375,0.12841796875,0.182373046875,0.14794921875,0.17822265625,0.02392578125
0.23681640625,0.05517578125,0.146484375,0.145751953125,0.190673828125,0.15771484375,0.166015625,0.0244140625
0.361328125,0.054931640625,0.15625,0.14208984375,0.178955078125,0.144775390625,0.11962890625,0.02392578125
0.2734375,0.052978515625,0.17333984375,0.135009765625,0.191650390625,0.155517578125,0.1416015625,0.024658203125
0.26123046875,0.054443359375,0.13671875,0.12646484375,0.197509765625,0.140869140625,0.14892578125,0.023681640625
0.166015625,0.05517578125,0.146484375,0.157958984375,0.190673828125,0.164794921875,0.1416015625,0.025634765625
0.14892578125,0.055908203125,0.09033203125,0.145263671875,0.193603515625,0.15771484375,0.1904296875,0.0244140625
0.13916015625,0.054443359375,0.11962890625,0.142578125,0.17578125,0.14697265625,0.1025390625,0.023681640625
0.23681640625,0.0546875,0.10009765625,0.14306640625,0.1826171875,0.157958984375,0.23681640625,0.024658203125
0.205078125,0.053955078125,0.10986328125,0.158447265625,0.208251953125,0.162109375,0.14892578125,0.024169921875
0.2099609375,0.05419921875,0.1025390625,0.12451171875,0.197265625,0.189208984375,0.13916015625,0.023681640625
0.1708984375,0.0546875,0.17333984375,0.124755859375,0.17578125,0.158447265625,0.1171875,0.0244140625
0.1904296875,0.055419921875,0.1123046875,0.117431640625,0.186279296875,0.16845703125,0.10498046875,0.024169921875
0.2197265625,0.0546875,0.14404296875,0.140380859375,0.18408203125,0.16748046875,0.10009765625,0.024658203125
0.21728515625,0.05517578125,0.1904296875,0.12939453125,0.18505859375,0.170654296875,0.26611328125,0.023681640625
0.23193359375,0.054931640625,0.1416015625,0.1513671875,0.20849609375,0.138427734375,0.12451171875,0.0244140625
0.146484375,0.05419921875,0.10498046875,0.154541015625,0.177490234375,0.135009765625,0.1416015625,0.024658203125
0.19287109375,0.05419921875,0.1416015625,0.12939453125,0.181640625,0.156005859375,0.13671875,0.024169921875
0.18798828125,0.05322265625,0.11474609375,0.13037109375,0.20263671875,0.155029296875,0.1123046875,0.0244140625
0.16357421875,0.05224609375,0.1025390625,0.126953125,0.18505859375,0.144775390625,0.1416015625,0.0244140625
0.1708984375,0.0537109375,0.12451171875,0.136962890625,0.201171875,0.176025390625,0.1025390625,0.0234375
0.1904296875,0.053955078125,0.13427734375,0.125244140625,0.211669921875,0.161376953125,0.1953125,0.0244140625
0.2783203125,0.055419921875,0.146484375,0.12451171875,0.1962890625,0.166748046875,0.1806640625,0.024169921875
0.2783203125,0.12158203125,0.107421875,1.281982421875,0.1962890625,0.166748046875,0.1806640625,0.208984375
0.18310546875,0.12158203125,0.13427734375,1.281982421875,0.1923828125,0.147216796875,0.13427734375,0.208984375
0.24658203125,0.125,0.1220703125,1.249267578125,0.19140625,0.14013671875,0.1171875,0.209228515625
0.18798828125,0.123291015625,0.1318359375,1.289794921875,0.187255859375,0.1669921875,0.1513671875,0.187255859375
0.20263671875,0.1279296875,0.1318359375,1.562744140625,0.1689453125,0.15673828125,0.1416015625,0.215576171875
0.1708984375,0.143798828125,0.1318359375,1.6708984375,0.221923828125,0.15576171875,0.13427734375,0.232666015625
0.1806640625,0.134521484375,0.1318359375,1.296875,0.181884765625,0.14599609375,0.166015625,0.20068359375
0.16845703125,0.125732421875,0.1220703125,1.274169921875,0.188232421875,0.15087890625,0.09521484375,0.194091796875
0.1708984375,0.12158203125,0.0830078125,1.166015625,0.176025390625,0.170166015625,0.19775390625,0.1904296875
0.22216796875,0.126953125,0.1611328125,1.22509765625,0.1845703125,0.16796875,0.107421875,0.179931640625
0.17578125,0.14501953125,0.1318359375,1.563720703125,0.18359375,0.14794921875,0.1220703125,0.23974609375
0.2587890625,0.142578125,0.1220703125,1.65234375,0.18310546875,0.153564453125,0.1513671875,0.23876953125
0.27587890625,0.141845703125,0.14404296875,1.649658203125,0.185546875,0.146240234375,0.10009765625,0.21240234375
0.1611328125,0.136962890625,0.11474609375,1.35205078125,0.16552734375,0.15380859375,0.1171875,0.210205078125
0.2197265625,0.129150390625,0.14404296875,1.304443359375,0.190185546875,0.1650390625,0.18798828125,0.186767578125
0.1953125,0.13525390625,0.1123046875,1.392578125,0.173828125,0.178466796875,0.10986328125,0.2021484375
0.2001953125,0.142578125,0.1123046875,1.43603515625,0.185546875,0.162353515625,0.13427734375,0.228515625
0.224609375,0.141357421875,0.146484375,1.490478515625,0.195068359375,0.15869140625,0.12451171875,0.24072265625
0.1708984375,0.1220703125,0.1513671875,1.315673828125,0.18994140625,0.1435546875,0.15869140625,0.190673828125
0.1953125,0.135498046875,0.1416015625,1.467041015625,0.2265625,0.184326171875,0.185546875,0.212158203125
0.28076171875,0.1474609375,0.234375,1.499267578125,0.181884765625,0.158447265625,0.10498046875,0.22900390625
0.15625,0.138427734375,0.1416015625,1.83837890625,0.181884765625,0.155517578125,0.13916015625,0.206298828125
0.25146484375,0.128173828125,0.14892578125,1.652099609375,0.18701171875,0.150390625,0.078125,0.219970703125
0.302734375,0.1513671875,0.12939453125,1.3837890625,0.17626953125,0.14892578125,0.17578125,0.2158203125
0.27099609375,0.138671875,0.16357421875,1.458984375,0.185791015625,0.163818359375,0.10498046875,0.220458984375
0.244140625,0.152587890625,0.146484375,1.7138671875,0.193603515625,0.159423828125,0.1416015625,0.25
0.2001953125,0.145263671875,0.15380859375,1.730712890625,0.177978515625,0.151123046875,0.13671875,0.246337890625
0.2880859375,0.140869140625,0.2001953125,1.38720703125,0.205810546875,0.16796875,0.14404296875,0.220458984375
0.21240234375,0.1474609375,0.13427734375,1.36767578125,0.1708984375,0.158203125,0.13671875,0.210693359375
0.3173828125,0.1591796875,0.0830078125,1.6025390625,0.2080078125,0.174072265625,0.17822265625,0.25146484375
0.322265625,0.14501953125,0.13427734375,1.438720703125,0.175048828125,0.147216796875,0.1220703125,0.2177734375
0.2001953125,0.140869140625,0.1318359375,1.66259765625,0.19677734375,0.14599609375,0.12451171875,0.245361328125
0.16357421875,0.151611328125,0.1171875,1.676513671875,0.1787109375,0.15185546875,0.13671875,0.258056640625
0.21484375,0.150146484375,0.17333984375,1.81787109375,0.18310546875,0.16064453125,0.14404296875,0.236328125
0.2587890625,0.132568359375,0.11962890625,1.535888671875,0.208740234375,0.172119140625,0.10498046875,0.228515625
0.234375,0.15869140625,0.1416015625,1.887939453125,0.1884765625,0.162353515625,0.14892578125,0.23681640625
0.22705078125,0.1484375,0.18798828125,1.45263671875,0.1923828125,0.16357421875,0.2001953125,0.248291015625
0.09765625,0.162109375,0.15869140625,1.936279296875,0.17041015625,0.14599609375,0.126953125,0.263427734375
0.2685546875,0.1484375,0.1220703125,1.517333984375,0.1826171875,0.15478515625,0.1611328125,0.265380859375
0.234375,0.135498046875,0.126953125,1.327880859375,0.1806640625,0.15966796875,0.1416015625,0.206787109375
0.2734375,0.150390625,0.12451171875,1.730712890625,0.18505859375,0.14208984375,0.11962890625,0.26318359375
0.21484375,0.150146484375,0.11962890625,1.625244140625,0.165771484375,0.163330078125,0.17333984375,0.261474609375
0.244140625,0.141845703125,0.11962890625,1.659912109375,0.1982421875,0.185546875,0.2099609375,0.238525390625
0.28564453125,0.14501953125,0.1171875,1.531005859375,0.209716796875,0.17724609375,0.13916015625,0.249755859375
0.36376953125,0.144287109375,0.15625,1.593505859375,0.183349609375,0.180419921875,0.1416015625,0.241455078125
0.205078125,0.13916015625,0.13671875,1.71630859375,0.185546875,0.14453125,0.1220703125,0.241943359375
0.2880859375,0.141357421875,0.1220703125,1.478271484375,0.205810546875,0.15869140625,0.15869140625,0.22216796875
0.1611328125,0.145751953125,0.11962890625,1.563720703125,0.17822265625,0.147216796875,0.16845703125,0.23876953125
0.2685546875,0.133544921875,0.1318359375,1.33837890625,0.193115234375,0.14892578125,0.1025390625,0.23974609375
0.29296875,0.150146484375,0.146484375,1.4287109375,0.170654296875,0.167236328125,0.166015625,0.240234375
0.15625,0.152099609375,0.09521484375,1.369384765625,0.195068359375,0.163330078125,0.1806640625,0.232177734375
0.17822265625,0.149658203125,0.1220703125,1.581787109375,0.197021484375,0.1630859375,0.1806640625,0.232421875
0.283203125,0.157958984375,0.19775390625,1.7646484375,0.1982421875,0.16015625,0.12451171875,0.257080078125
0.25634765625,0.151611328125,0.17822265625,1.716796875,0.17919921875,0.1552734375,0.18310546875,0.2490234375
0.27099609375,0.15576171875,0.12939453125,1.7802734375,0.1708984375,0.166015625,0.1806640625,0.25732421875
0.29541015625,0.161865234375,0.18798828125,1.4130859375,0.208251953125,0.14306640625,0.1220703125,0.250244140625
0.18310546875,0.15869140625,0.13916015625,1.800537109375,0.178466796875,0.1572265625,0.15625,0.270263671875
0.28076171875,0.147705078125,0.10009765625,1.441162109375,0.17333984375,0.178466796875,0.09765625,0.2197265625
0.15380859375,0.1494140625,0.1513671875,1.565673828125,0.177490234375,0.16748046875,0.11962890625,0.255615234375
0.1806640625,0.138671875,0.14404296875,1.71240234375,0.192626953125,0.15966796875,0.1220703125,0.251708984375
0.2099609375,0.15478515625,0.07568359375,1.382080078125,0.183349609375,0.1650390625,0.10009765625,0.214599609375
0.22705078125,0.1396484375,0.15869140625,1.72900390625,0.19775390625,0.15380859375,0.15380859375,0.246826171875
0.2392578125,0.169677734375,0.17822265625,1.954345703125,0.18505859375,0.150146484375,0.14892578125,0.28515625
0.22705078125,0.1474609375,0.1123046875,1.893310546875,0.194580078125,0.15771484375,0.14892578125,0.232177734375
0.2490234375,0.1416015625,0.12939453125,1.46044921875,0.19677734375,0.16943359375,0.13671875,0.249755859375
0.25390625,0.16162109375,0.16357421875,1.839111328125,0.180908203125,0.1376953125,0.13671875,0.263916015625
0.24169921875,0.16162109375,0.107421875,1.839111328125,0.187744140625,0.170654296875,0.10009765625,0.263916015625
0.2392578125,0.19287109375,0.14892578125,2.233642578125,0.196044921875,0.142333984375,0.13427734375,0.3037109375
0.20263671875,0.14892578125,0.087890625,1.615234375,0.16845703125,0.154052734375,0.14404296875,0.246826171875
0.21484375,0.138427734375,0.09521484375,1.367431640625,0.187255859375,0.166748046875,0.14404296875,0.2275390625
0.17822265625,0.14453125,0.09521484375,1.474365234375,0.169921875,0.148681640625,0.146484375,0.232177734375
0.2392578125,0.1640625,0.166015625,1.760986328125,0.18603515625,0.17333984375,0.12451171875,0.2724609375
0.205078125,0.140380859375,0.126953125,1.564453125,0.17919921875,0.170654296875,0.15380859375,0.237060546875
0.2392578125,0.185302734375,0.15625,1.947265625,0.181396484375,0.150634765625,0.13916015625,0.28857421875
0.14892578125,0.1396484375,0.19287109375,1.416748046875,0.18408203125,0.154296875,0.185546875,0.238525390625
0.1708984375,0.1494140625,0.15380859375,1.70556640625,0.189697265625,0.137939453125,0.1611328125,0.233154296875
0.23681640625,0.13671875,0.12451171875,1.515625,0.177490234375,0.161376953125,0.17578125,0.204345703125
0.224609375,0.16259765625,0.1513671875,1.7177734375,0.16943359375,0.154296875,0.107421875,0.29248046875
0.1708984375,0.1357421875,0.14892578125,1.4736328125,0.176513671875,0.161865234375,0.13916015625,0.22998046875
0.24169921875,0.16455078125,0.166015625,1.925537109375,0.18115234375,0.152099609375,0.16845703125,0.27587890625
0.2490234375,0.149658203125,0.1220703125,1.47802734375,0.181884765625,0.158203125,0.146484375,0.23046875
0.1806640625,0.177490234375,0.1220703125,1.8134765625,0.1845703125,0.148681640625,0.15625,0.32275390625
0.205078125,0.13720703125,0.1123046875,1.2841796875,0.18017578125,0.146484375,0.1513671875,0.2275390625
0.166015625,0.1689453125,0.205078125,1.793212890625,0.1962890625,0.176513671875,0.18310546875,0.27294921875
0.2099609375,0.1474609375,0.0830078125,1.583251953125,0.18505859375,0.1513671875,0.10986328125,0.2509765625
0.7177734375,0.14697265625,0.107421875,1.808837890625,1.38525390625,0.668212890625,1.57470703125,0.25927734375
0.7177734375,0.15283203125,0.166015625,1.685302734375,1.38525390625,0.668212890625,1.57470703125,0.261474609375
0.595703125,0.15185546875,0.1806640625,1.59033203125,1.0439453125,0.43017578125,1.49169921875,0.261962890625
0.654296875,0.150390625,0.11474609375,1.36767578125,0.83203125,0.3076171875,1.2060546875,0.237060546875
0.79833984375,0.15869140625,0.23193359375,1.975830078125,0.824951171875,0.361083984375,1.10595703125,0.282470703125
0.68359375,0.163330078125,0.1611328125,2.138916015625,0.7958984375,0.316650390625,1.337890625,0.266845703125
0.78857421875,0.182861328125,0.1171875,2.06689453125,1.099609375,0.54443359375,1.42578125,0.3125
0.64208984375,0.143310546875,0.12451171875,1.566162109375,0.9091796875,0.437744140625,1.08154296875,0.26025390625
0.58837890625,0.145263671875,0.1123046875,1.482177734375,0.887451171875,0.3955078125,1.24755859375,0.23095703125
0.74462890625,0.1435546875,0.13427734375,1.673095703125,1.22216796875,0.475830078125,1.328125,0.24853515625
0.634765625,0.15234375,0.185546875,1.700439453125,1.34033203125,0.713134765625,1.142578125,0.263916015625
0.65673828125,0.156982421875,0.146484375,1.943359375,0.975830078125,0.50244140625,1.4501953125,0.295166015625
0.73974609375,0.15087890625,0.107421875,1.580322265625,0.956298828125,0.423828125,1.2109375,0.25439453125
0.78369140625,0.131103515625,0.10986328125,1.726318359375,0.99169921875,0.466796875,1.55517578125,0.226318359375
0.81787109375,0.15478515625,0.1123046875,1.7333984375,1.287353515625,0.481689453125,1.4599609375,0.286376953125
0.86181640625,0.16748046875,0.10009765625,1.8115234375,1.047607421875,0.455078125,1.45263671875,0.264404296875
0.7373046875,0.13330078125,0.1708984375,1.326904296875,0.943359375,0.397705078125,1.328125,0.221923828125
0.5908203125,0.146240234375,0.13916015625,1.49755859375,1.02685546875,0.458740234375,1.35498046875,0.237548828125
0.8251953125,0.13232421875,0.1123046875,1.1904296875,1.06494140625,0.576416015625,1.23779296875,0.201904296875
0.72265625,0.15673828125,0.10498046875,1.8212890625,1.060302734375,0.418212890625,1.3720703125,0.2509765625
0.80322265625,0.17529296875,0.10009765625,1.942626953125,1.009765625,0.40771484375,1.17431640625,0.281005859375
0.63720703125,0.140869140625,0.1220703125,1.51904296875,1.13720703125,0.439453125,1.36474609375,0.2490234375
0.7568359375,0.148681640625,0.1123046875,1.48095703125,1.426025390625,0.761474609375,1.53076171875,0.27197265625
0.7275390625,0.16259765625,0.146484375,2.101318359375,1.17822265625,0.409912109375,1.220703125,0.301025390625
0.73486328125,0.158203125,0.20751953125,1.64697265625,1.0048828125,0.337890625,1.27197265625,0.244873046875
0.9619140625,0.143310546875,0.10986328125,1.4912109375,1.770263671875,0.744140625,2.0751953125,0.237060546875
0.81787109375,0.1435546875,0.1123046875,1.52734375,1.12060546875,0.41796875,1.2744140625,0.224609375
0.79345703125,0.15869140625,0.146484375,1.87646484375,1.107421875,0.450439453125,1.1962890625,0.2705078125
0.7958984375,0.145751953125,0.13916015625,1.611572265625,0.874755859375,0.38818359375,1.259765625,0.236328125
0.68359375,0.147216796875,0.13427734375,1.740478515625,0.998291015625,0.466796875,1.41845703125,0.272216796875
0.80078125,0.1416015625,0.15869140625,1.21923828125,1.111083984375,0.40673828125,1.4990234375,0.212646484375
0.72509765625,0.158935546875,0.1220703125,1.948486328125,1.224609375,0.489501953125,1.220703125,0.2734375
0.87890625,0.149658203125,0.146484375,1.7841796875,1.023681640625,0.400146484375,1.17431640625,0.26123046875
0.57861328125,0.135009765625,0.1171875,1.650390625,1.122314453125,0.419677734375,1.1572265625,0.23095703125
0.5615234375,0.143310546875,0.1318359375,1.793212890625,0.957763671875,0.393310546875,1.064453125,0.24755859375
0.810546875,0.150146484375,0.1171875,1.944091796875,1.140869140625,0.47021484375,1.3427734375,0.243896484375
0.59814453125,0.13525390625,0.10009765625,1.883056640625,0.8095703125,0.415283203125,1.31591796875,0.25439453125
0.7763671875,0.140869140625,0.1318359375,1.81396484375,1.209716796875,0.406005859375,1.59423828125,0.234375
0.76171875,0.15380859375,0.12451171875,1.663330078125,0.992431640625,0.41015625,1.416015625,0.26806640625
0.67626953125,0.154296875,0.15869140625,1.72314453125,0.96875,0.395751953125,1.2841796875,0.26220703125
0.7373046875,0.144775390625,0.15380859375,1.6015625,0.996826171875,0.47314453125,1.28662109375,0.219970703125
0.70068359375,0.167236328125,0.10986328125,1.900390625,1.0791015625,0.406494140625,1.2890625,0.269287109375
0.59814453125,0.150146484375,0.107421875,1.670654296875,0.96142578125,0.385986328125,1.1083984375,0.241455078125
0.67138671875,0.14306640625,0.13671875,1.689208984375,1.0078125,0.45703125,1.44775390625,0.249267578125
0.595703125,0.14208984375,0.15869140625,1.645263671875,0.859130859375,0.38330078125,1.08154296875,0.23046875
0.80078125,0.146484375,0.166015625,1.428466796875,0.947021484375,0.458740234375,1.34765625,0.209228515625
0.73974609375,0.146484375,0.146484375,1.428466796875,1.2373046875,0.471435546875,1.640625,0.209228515625
0.69580078125,0.155029296875,0.1953125,1.73779296875,1.03271484375,0.3623046875,1.6748046875,0.259033203125
0.64697265625,0.15625,0.126953125,1.9404296875,0.981689453125,0.41259765625,1.42333984375,0.253173828125
0.58837890625,0.138427734375,0.126953125,1.7763671875,0.983154296875,0.330322265625,1.24755859375,0.2529296875
0.76416015625,0.16259765625,0.1220703125,1.73388671875,1.06640625,0.3935546875,1.53076171875,0.263671875
0.66650390625,0.1806640625,0.1171875,1.946044921875,0.79541015625,0.375732421875,1.17431640625,0.278076171875
0.74462890625,0.145263671875,0.12939453125,1.654541015625,1.011474609375,0.36669921875,1.24755859375,0.236572265625
0.5517578125,0.14794921875,0.15625,1.613525390625,0.989990234375,0.50390625,1.19873046875,0.247802734375
0.52978515625,0.1796875,0.15380859375,2.25634765625,0.94189453125,0.383056640625,1.24267578125,0.27978515625
0.8203125,0.146484375,0.12451171875,1.663818359375,1.372802734375,0.456787109375,1.40625,0.22802734375
0.67138671875,0.15087890625,0.20263671875,1.633056640625,1.20263671875,0.4580078125,1.43798828125,0.23583984375
0.65185546875,0.16357421875,0.10498046875,1.992919921875,0.759765625,0.446533203125,1.06689453125,0.295166015625
0.6201171875,0.16259765625,0.1171875,1.71875,1.073974609375,0.43408203125,1.2255859375,0.2509765625
0.70556640625,0.1455078125,0.146484375,1.501708984375,1.20458984375,0.57861328125,1.19873046875,0.2333984375
0.80322265625,0.150634765625,0.12939453125,1.3505859375,1.395263671875,0.431884765625,1.4697265625,0.25439453125
0.64453125,0.14892578125,0.12939453125,1.558349609375,1.317626953125,0.361083984375,1.16455078125,0.244140625
0.68603515625,0.132568359375,0.15380859375,1.5068359375,1.42724609375,0.43310546875,1.56005859375,0.21533203125
0.791015625,0.17236328125,0.087890625,2.176513671875,1.22802734375,0.408935546875,1.474609375,0.28466796875
0.76904296875,0.145751953125,0.10498046875,1.624755859375,0.969482421875,0.355224609375,1.5625,0.233154296875
0.6298828125,0.150634765625,0.107421875,1.690185546875,1.083984375,0.43896484375,1.513671875,0.280517578125
0.6298828125,0.158935546875,0.13671875,2.040283203125,1.083984375,0.43896484375,1.513671875,0.284912109375
0.7470703125,0.15380859375,0.13916015625,1.589599609375,1.041259765625,0.50048828125,1.32568359375,0.245849609375
0.5712890625,0.156005859375,0.18310546875,1.6875,1.232666015625,0.659423828125,1.1474609375,0.2744140625
0.791015625,0.147216796875,0.1416015625,1.784423828125,0.8984375,0.39697265625,1.376953125,0.23974609375
0.68115234375,0.147705078125,0.11962890625,1.6884765625,0.914306640625,0.416015625,1.26220703125,0.2509765625
0.77392578125,0.1474609375,0.1025390625,1.58740234375,1.189697265625,0.44384765625,1.50390625,0.240478515625
0.64453125,0.1513671875,0.166015625,1.359130859375,1.04541015625,0.442138671875,1.25732421875,0.2294921875
0.6298828125,0.15380859375,0.1220703125,1.915283203125,0.9521484375,0.42919921875,1.2939453125,0.273193359375
0.73974609375,0.1630859375,0.146484375,1.533935546875,0.991455078125,0.4990234375,1.31103515625,0.259765625
0.94970703125,0.15625,0.1611328125,1.599853515625,1.012451171875,0.4072265625,1.23291015625,0.253173828125
0.6201171875,0.160888671875,0.1416015625,2.1162109375,1.0732421875,0.501708984375,1.2548828125,0.266845703125
0.75927734375,0.14794921875,0.11474609375,1.522705078125,1.055908203125,0.4072265625,1.37451171875,0.217041015625
0.72509765625,0.146240234375,0.10986328125,1.3203125,1.260009765625,0.5830078125,1.3525390625,0.224609375
0.76416015625,0.1533203125,0.14892578125,1.642333984375,1.224853515625,0.55029296875,1.2939453125,0.235107421875
0.87158203125,0.14013671875,0.10986328125,1.877685546875,1.18994140625,0.719482421875,1.318359375,0.25341796875
0.56396484375,0.157958984375,0.41259765625,1.677978515625,1.0107421875,0.479736328125,1.28173828125,0.2607421875
0.908203125,0.143310546875,0.41259765625,1.507568359375,1.63720703125,0.867431640625,1.3037109375,0.2333984375
0.7177734375,0.14404296875,0.38818359375,1.239013671875,1.053466796875,0.50537109375,1.67236328125,0.22314453125
0.58837890625,0.152587890625,0.3125,1.69580078125,0.923828125,0.4541015625,1.16455078125,0.274169921875
0.830078125,0.1591796875,0.2685546875,1.92138671875,1.30322265625,0.44580078125,1.34033203125,0.273193359375
0.73486328125,0.13525390625,0.341796875,1.191162109375,1.1181640625,0.44580078125,1.31103515625,0.187744140625
0.78125,0.146484375,0.33447265625,1.540771484375,1.0478515625,0.387939453125,1.36962890625,0.241943359375
0.712890625,0.167236328125,0.2978515625,2.044189453125,1.26708984375,0.4931640625,1.30126953125,0.2783203125
0.69580078125,0.157470703125,0.34912109375,1.66650390625,0.994384765625,0.440673828125,1.43310546875,0.256103515625
0.61279296875,0.15771484375,0.26123046875,1.893310546875,1.4140625,0.45166015625,1.20361328125,0.27783203125
0.59814453125,0.157958984375,0.302734375,1.81787109375,1.178466796875,0.475830078125,1.4306640625,0.2626953125
0.6591796875,0.14892578125,0.2783203125,1.6767578125,1.16650390625,0.43310546875,1.25244140625,0.26025390625
0.7080078125,0.144287109375,0.3759765625,1.794677734375,1.569580078125,0.518310546875,1.65283203125,0.231689453125
0.60302734375,0.1376953125,0.41259765625,1.466552734375,0.954833984375,0.474609375,1.17919921875,0.239990234375
0.556640625,0.144287109375,0.400390625,1.4658203125,1.012451171875,0.492431640625,1.416015625,0.239013671875
0.6494140625,0.152587890625,0.33203125,1.556884765625,1.14599609375,0.400634765625,1.318359375,0.257568359375
0.77880859375,0.165771484375,0.30517578125,1.88720703125,0.934814453125,0.4267578125,1.27685546875,0.2373046875
0.6884765625,0.148193359375,0.400390625,1.392822265625,1.4638671875,0.471923828125,1.416015625,0.23095703125
0.810546875,0.15185546875,0.26123046875,1.702392578125,1.032958984375,0.443603515625,1.484375,0.2509765625
0.73974609375,0.135986328125,0.2783203125,1.552001953125,1.136962890625,0.556396484375,1.37939453125,0.229248046875
0.61767578125,0.147705078125,0.3271484375,1.461669921875,1.074951171875,0.55078125,1.2646484375,0.241943359375
0.74462890625,0.16455078125,0.35400390625,1.861083984375,0.962158203125,0.41845703125,1.2841796875,0.28564453125
0.615234375,0.0439453125,0.3125,0.11767578125,1.114501953125,0.6259765625,1.35498046875,0.0234375
0.634765625,0.042724609375,0.283203125,0.130859375,1.23583984375,0.62548828125,1.23291015625,0.02490234375
0.7275390625,0.0419921875,0.27587890625,0.140625,1.351806640625,0.559814453125,1.41357421875,0.024658203125
0.81298828125,0.042724609375,0.3271484375,0.141357421875,0.99365234375,0.425048828125,1.66259765625,0.025146484375
0.75439453125,0.044189453125,0.2978515625,0.13818359375,0.9873046875,0.455322265625,1.5283203125,0.025146484375
0.83251953125,0.04443359375,0.33203125,0.1396484375,1.37841796875,0.486572265625,1.35986328125,0.0244140625
0.8154296875,0.0458984375,0.34423828125,0.1201171875,1.357177734375,0.4189453125,1.474609375,0.0244140625
0.72265625,0.04541015625,0.36865234375,0.142578125,1.319091796875,0.58203125,1.2060546875,0.024658203125
0.74462890625,0.0439453125,0.302734375,0.140380859375,1.243896484375,0.486328125,1.3037109375,0.024658203125
0.67138671875,0.044921875,0.32470703125,0.121337890625,0.865234375,0.40087890625,1.31591796875,0.02392578125
0.712890625,0.04345703125,0.31982421875,0.144775390625,1.138916015625,0.464111328125,1.40625,0.0244140625
0.66650390625,0.045166015625,0.25390625,0.1240234375,1.243408203125,0.42236328125,1.2890625,0.024169921875
0.7421875,0.044677734375,0.25390625,0.146240234375,1.138427734375,0.487060546875,1.30126953125,0.025146484375
0.6689453125,0.046142578125,0.33447265625,0.132568359375,1.0654296875,0.4189453125,1.298828125,0.023681640625
0.576171875,0.04541015625,0.30029296875,0.1181640625,0.739990234375,0.41015625,1.142578125,0.024169921875
0.5908203125,0.045654296875,0.322265625,0.12109375,1.126220703125,0.44384765625,1.5771484375,0.02490234375
0.6689453125,0.04541015625,0.37353515625,0.127685546875,1.20556640625,0.64892578125,1.20849609375,0.024658203125
0.82275390625,0.04638671875,0.39794921875,0.123291015625,1.245361328125,0.58447265625,1.4453125,0.023193359375
0.67138671875,0.04638671875,0.33203125,0.128173828125,1.084716796875,0.437255859375,1.23291015625,0.024658203125
0.61279296875,0.04736328125,0.26123046875,0.119384765625,1.140869140625,0.382568359375,1.11328125,0.024658203125
0.70068359375,0.047607421875,0.3125,0.133544921875,1.181884765625,0.48828125,1.2158203125,0.0244140625
0.8349609375,0.04638671875,0.322265625,0.128662109375,0.845947265625,0.3974609375,1.376953125,0.0244140625
0.78857421875,0.046875,0.29296875,0.13916015625,1.411865234375,0.416015625,1.6357421875,0.02392578125
0.56884765625,0.046630859375,0.380859375,0.109619140625,0.89892578125,0.3603515625,1.15478515625,0.024169921875
0.8154296875,0.04638671875,0.35888671875,0.14599609375,1.420166015625,0.441162109375,1.728515625,0.024658203125
0.78857421875,0.0458984375,0.33203125,0.136474609375,1.310302734375,0.555419921875,1.35009765625,0.024169921875
0.6689453125,0.04736328125,0.3271484375,0.127197265625,0.83349609375,0.428955078125,1.23291015625,0.024169921875
0.69091796875,0.046875,0.27587890625,0.1259765625,1.01904296875,0.7822265625,1.328125,0.023681640625
0.69091796875,0.048583984375,0.322265625,0.135498046875,1.01904296875,0.7822265625,1.328125,0.023681640625
0.693359375,0.04833984375,0.3466796875,0.125732421875,0.93505859375,0.427734375,1.21337890625,0.024169921875
0.60791015625,0.047607421875,0.2978515625,0.12744140625,1.04443359375,0.504150390625,1.22802734375,0.023681640625
0.234375,0.04833984375,0.27587890625,0.128173828125,0.184814453125,0.1650390625,0.1513671875,0.023681640625
0.146484375,0.047119140625,0.29541015625,0.137451171875,0.160400390625,0.1728515625,0.126953125,0.0244140625
0.2001953125,0.04833984375,0.41748046875,0.120361328125,0.193603515625,0.14990234375,0.1318359375,0.024658203125
0.24658203125,0.0478515625,0.29052734375,0.1279296875,0.17919921875,0.166259765625,0.10498046875,0.0244140625
0.1611328125,0.049072265625,0.2880859375,0.129638671875,0.192626953125,0.15478515625,0.185546875,0.0244140625
0.17333984375,0.048828125,0.283203125,0.1396484375,0.188232421875,0.139404296875,0.14892578125,0.023193359375
0.224609375,0.049560546875,0.400390625,0.131103515625,0.18603515625,0.16845703125,0.2294921875,0.0234375
0.1806640625,0.04833984375,0.322265625,0.14111328125,0.183349609375,0.16162109375,0.166015625,0.024169921875
0.29052734375,0.049072265625,0.25390625,0.1318359375,0.18408203125,0.156005859375,0.126953125,0.0234375
0.205078125,0.048828125,0.29541015625,0.139404296875,0.1826171875,0.16162109375,0.15625,0.024658203125
0.244140625,0.048583984375,0.302734375,0.1533203125,0.170166015625,0.160400390625,0.13671875,0.0244140625
0.234375,0.048828125,0.33935546875,0.13623046875,0.185791015625,0.151123046875,0.1025390625,0.02392578125
0.205078125,0.0498046875,0.3662109375,0.140625,0.185302734375,0.15869140625,0.1123046875,0.023681640625
0.25390625,0.049072265625,0.3662109375,0.130859375,0.186279296875,0.14404296875,0.12939453125,0.02490234375
0.1611328125,0.049072265625,0.29296875,0.136962890625,0.18212890625,0.14013671875,0.09521484375,0.0244140625
0.2001953125,0.05029296875,0.2587890625,0.128662109375,0.1767578125,0.180419921875,0.146484375,0.02392578125
0.21240234375,0.049072265625,0.3369140625,0.1259765625,0.2001953125,0.162353515625,0.14404296875,0.02490234375
0.19775390625,0.05078125,0.31005859375,0.126220703125,0.184326171875,0.14306640625,0.15625,0.024169921875
0.23681640625,0.048095703125,0.2978515625,0.143798828125,0.187744140625,0.159423828125,0.1123046875,0.024658203125
0.23681640625,0.051025390625,0.3173828125,0.127685546875,0.193115234375,0.14892578125,0.12451171875,0.0244140625
0.29541015625,0.05078125,0.302734375,0.127197265625,0.1982421875,0.1591796875,0.11474609375,0.024658203125
0.185546875,0.05078125,0.3173828125,0.12646484375,0.209228515625,0.173095703125,0.12451171875,0.023681640625
0.2490234375,0.0498046875,0.283203125,0.135009765625,0.175537109375,0.14892578125,0.13427734375,0.0244140625
0.24658203125,0.051025390625,0.31494140625,0.15234375,0.19873046875,0.133056640625,0.18310546875,0.024169921875
0.24169921875,0.049072265625,0.3466796875,0.128173828125,0.1796875,0.15185546875,0.166015625,0.0244140625
0.2392578125,0.0517578125,0.244140625,0.127197265625,0.19140625,0.1572265625,0.1123046875,0.024169921875
0.234375,0.051025390625,0.31982421875,0.12255859375,0.181884765625,0.1611328125,0.17822265625,0.02392578125
0.2294921875,0.05078125,0.2734375,0.1220703125,0.189453125,0.158203125,0.107421875,0.024169921875
0.263671875,0.04931640625,0.21240234375,0.135498046875,0.19580078125,0.1748046875,0.1220703125,0.0244140625
0.34912109375,0.052490234375,0.27099609375,0.1376953125,0.185546875,0.15673828125,0.1025390625,0.023681640625
0.16357421875,0.049560546875,0.28076171875,0.150634765625,0.18017578125,0.158935546875,0.16845703125,0.02392578125
0.2197265625,0.050537109375,0.3515625,0.130615234375,0.183349609375,0.154541015625,0.126953125,0.023681640625
0.322265625,0.05126953125,0.2978515625,0.134521484375,0.17236328125,0.155517578125,0.15869140625,0.023681640625
0.185546875,0.05029296875,0.34423828125,0.1318359375,0.220947265625,0.152099609375,0.1611328125,0.0244140625
0.234375,0.05078125,0.29541015625,0.1376953125,0.17822265625,0.145751953125,0.22216796875,0.0234375
0.17578125,0.050537109375,0.27099609375,0.13427734375,0.200927734375,0.157958984375,0.1611328125,0.02294921875
0.22216796875,0.05029296875,0.25390625,0.12841796875,0.178955078125,0.187744140625,0.14892578125,0.02392578125
0.27587890625,0.051513671875,0.25390625,0.120849609375,0.189208984375,0.1650390625,0.1806640625,0.024658203125
0.2490234375,0.0517578125,0.2978515625,0.148681640625,0.196533203125,0.16064453125,0.2490234375,0.02392578125
0.24169921875,0.052001953125,0.302734375,0.13916015625,0.18115234375,0.172607421875,0.15380859375,0.023681640625
0.2392578125,0.0517578125,0.37109375,0.145263671875,0.17333984375,0.154052734375,0.10498046875,0.02490234375
0.26611328125,0.0517578125,0.283203125,0.145263671875,0.189208984375,0.154296875,0.1025390625,0.02490234375
0.28564453125,0.052001953125,0.36865234375,0.130859375,0.19580078125,0.139892578125,0.14892578125,0.023681640625
0.27099609375,0.0517578125,0.2880859375,0.12890625,0.179443359375,0.14453125,0.18310546875,0.025146484375
0.23193359375,0.051513671875,0.2587890625,0.138427734375,0.18798828125,0.152587890625,0.166015625,0.0244140625
0.26123046875,0.05224609375,0.390625,0.1396484375,0.193603515625,0.147705078125,0.15380859375,0.025146484375
0.244140625,0.052734375,0.29541015625,0.155029296875,0.1630859375,0.161865234375,0.1123046875,0.025146484375
0.2197265625,0.05126953125,0.341796875,0.1416015625,0.1826171875,0.17236328125,0.19775390625,0.0234375
0.2099609375,0.05078125,0.27099609375,0.140869140625,0.17724609375,0.176513671875,0.107421875,0.0234375
0.185546875,0.052001953125,0.30029296875,0.135009765625,0.20556640625,0.1611328125,0.10986328125,0.024658203125
0.28076171875,0.051513671875,0.3955078125,0.123046875,0.2021484375,0.15087890625,0.18798828125,0.023681640625
0.224609375,0.0517578125,0.32958984375,0.137451171875,0.189453125,0.15283203125,0.146484375,0.024169921875
0.2783203125,0.052001953125,0.2978515625,0.140380859375,0.18115234375,0.149169921875,0.146484375,0.02392578125
0.263671875,0.052734375,0.4541015625,0.1298828125,0.193115234375,0.146484375,0.15380859375,0.02392578125
0.2099609375,0.05224609375,0.3271484375,0.14453125,0.1826171875,0.141357421875,0.1611328125,0.024658203125
0.2197265625,0.052490234375,0.2978515625,0.140869140625,0.178955078125,0.151123046875,0.1953125,0.0244140625
0.22216796875,0.051513671875,0.32470703125,0.1259765625,0.1767578125,0.15185546875,0.17578125,0.0234375
0.26123046875,0.05224609375,0.34912109375,0.13330078125,0.185546875,0.163818359375,0.1318359375,0.0244140625
0.205078125,0.05224609375,0.3125,0.142822265625,0.19140625,0.14990234375,0.107421875,0.024169921875
0.18310546875,0.052001953125,0.3076171875,0.1376953125,0.197021484375,0.1669921875,0.17333984375,0.024658203125
0.17578125,0.052001953125,0.28564453125,0.125732421875,0.181884765625,0.174560546875,0.166015625,0.02294921875
0.185546875,0.052490234375,0.33935546875,0.1494140625,0.17919921875,0.16259765625,0.1953125,0.02490234375
0.2099609375,0.051513671875,0.31494140625,0.131103515625,0.17333984375,0.156982421875,0.12939453125,0.024658203125
0.2490234375,0.0517578125,0.3515625,0.1396484375,0.182861328125,0.15087890625,0.14404296875,0.023681640625
0.15625,0.0517578125,0.30029296875,0.155517578125,0.17578125,0.144287109375,0.15380859375,0.024658203125
0.95458984375,0.209228515625,0.36865234375,1.207763671875,1.4228515625,0.33984375,0.83740234375,0.19091796875
1.064453125,0.177734375,0.35400390625,0.8935546875,1.2958984375,0.275146484375,0.90576171875,0.148193359375
1.02294921875,0.19189453125,0.28076171875,0.99560546875,1.228271484375,0.26953125,0.791015625,0.1708984375
0.9326171875,0.197265625,0.31494140625,0.857177734375,1.317138671875,0.366455078125,0.888671875,0.14208984375
1.123046875,0.1796875,0.2783203125,0.898193359375,1.121337890625,0.312255859375,0.83251953125,0.144287109375
1.0888671875,0.1806640625,0.302734375,0.841796875,1.188720703125,0.287109375,0.8740234375,0.145751953125
1.14501953125,0.221435546875,0.4150390625,1.202880859375,1.42724609375,0.371826171875,1.171875,0.2080078125
0.9716796875,0.203369140625,0.380859375,1.13427734375,1.345947265625,0.37060546875,0.93994140625,0.185302734375
1.08154296875,0.184814453125,0.28076171875,0.908447265625,1.263916015625,0.31396484375,0.8935546875,0.15576171875
0.927734375,0.177978515625,0.322265625,0.97998046875,1.0498046875,0.3505859375,0.81787109375,0.157470703125
1.1328125,0.258056640625,0.34912109375,1.317626953125,1.778076171875,0.386474609375,0.98876953125,0.214599609375
1.07421875,0.228271484375,0.31982421875,1.34521484375,1.630126953125,0.504638671875,1.044921875,0.1904296875
1.162109375,0.24755859375,0.42236328125,1.242431640625,1.57080078125,0.427978515625,1.201171875,0.24267578125
1.18408203125,0.18896484375,0.42236328125,1.146484375,1.63037109375,0.37939453125,0.986328125,0.16162109375
1.162109375,0.193115234375,0.3369140625,1.06640625,1.24072265625,0.30126953125,0.93017578125,0.15478515625
1.18896484375,0.247314453125,0.361328125,1.696533203125,1.76416015625,0.475341796875,1.1474609375,0.26171875
1.09619140625,0.19287109375,0.16845703125,1.0302734375,1.435302734375,0.3515625,0.9423828125,0.161376953125
1.0693359375,0.212890625,0.10498046875,1.2509765625,1.51416015625,0.375732421875,0.95703125,0.193115234375
1.04736328125,0.186767578125,0.15869140625,1.19921875,1.16259765625,0.3671875,0.8544921875,0.17138671875
1.18408203125,0.20068359375,0.11962890625,1.16943359375,1.558837890625,0.346435546875,1.00341796875,0.179443359375
1.23779296875,0.24462890625,0.11962890625,1.269775390625,1.56884765625,0.474365234375,1.21826171875,0.210693359375
0.9130859375,0.214111328125,0.13427734375,1.027587890625,1.760498046875,0.393310546875,0.93505859375,0.17529296875
1.0205078125,0.21044921875,0.15625,1.44287109375,1.420166015625,0.453857421875,1.0107421875,0.193359375
1.22802734375,0.270751953125,0.1220703125,1.624755859375,1.970458984375,0.454833984375,1.240234375,0.2451171875
1.12060546875,0.1923828125,0.12451171875,0.938232421875,1.096435546875,0.33935546875,1.0302734375,0.161376953125
1.0107421875,0.21142578125,0.20263671875,1.24951171875,1.423583984375,0.39697265625,1.07666015625,0.19677734375
0.927734375,0.21923828125,0.1171875,1.550048828125,1.481689453125,0.40478515625,1.0400390625,0.217529296875
1.22314453125,0.2294921875,0.146484375,1.475341796875,1.852783203125,0.45068359375,1.29638671875,0.223388671875
0.82763671875,0.2177734375,0.19287109375,1.22216796875,1.537353515625,0.41748046875,0.76171875,0.172607421875
0.9375,0.189453125,0.12939453125,0.95751953125,1.263427734375,0.35107421875,0.95458984375,0.170166015625
1.1767578125,0.23974609375,0.107421875,1.534423828125,1.76953125,0.376708984375,1.13525390625,0.221923828125
1.181640625,0.262939453125,0.16357421875,1.493408203125,1.861083984375,0.40673828125,1.0888671875,0.2333984375
0.95458984375,0.22314453125,0.107421875,1.207763671875,1.519287109375,0.361572265625,0.70556640625,0.20166015625
1.0400390625,0.2080078125,0.087890625,1.057373046875,1.4453125,0.32177734375,0.92529296875,0.166015625
0.94970703125,0.220458984375,0.11962890625,1.27978515625,1.45751953125,0.440673828125,0.9326171875,0.19873046875
1.0009765625,0.189208984375,0.16845703125,1.109375,1.26708984375,0.33740234375,0.79345703125,0.15380859375
1.03271484375,0.22900390625,0.10009765625,1.320556640625,1.744873046875,0.44873046875,0.9423828125,0.206787109375
1.0693359375,0.232177734375,0.15380859375,0.948974609375,1.6298828125,0.401123046875,1.0107421875,0.160400390625
0.91064453125,0.2421875,0.15380859375,1.59326171875,1.8447265625,0.373779296875,0.90576171875,0.194091796875
1.09130859375,0.211669921875,0.10986328125,1.0693359375,1.348388671875,0.394775390625,1.005859375,0.174560546875
1.083984375,0.2060546875,0.08544921875,1.10595703125,1.242919921875,0.3134765625,1.08642578125,0.182373046875
1.181640625,0.216064453125,0.10498046875,1.2568359375,1.339111328125,0.3984375,1.1279296875,0.192138671875
0.9814453125,0.25830078125,0.1513671875,1.457763671875,1.691162109375,0.4501953125,0.83251953125,0.2109375
0.93017578125,0.214111328125,0.12451171875,1.387939453125,1.3203125,0.47021484375,0.8447265625,0.21337890625
1.02294921875,0.21826171875,0.1123046875,1.294921875,1.5087890625,0.497314453125,0.86669921875,0.17578125
0.98876953125,0.19873046875,0.12939453125,1.107421875,1.301513671875,0.3916015625,0.966796875,0.172119140625
0.9423828125,0.21142578125,0.1513671875,1.188232421875,1.63232421875,0.387451171875,0.8154296875,0.178466796875
1.0400390625,0.20068359375,0.13671875,0.965576171875,1.288330078125,0.3662109375,0.90576171875,0.163818359375
0.87890625,0.219482421875,0.13671875,1.472900390625,1.508544921875,0.444580078125,0.9130859375,0.220947265625
1.0791015625,0.23193359375,0.1123046875,1.260009765625,1.605712890625,0.47705078125,0.9521484375,0.19384765625
1.06201171875,0.205810546875,0.17822265625,1.06298828125,1.21923828125,0.3203125,0.95458984375,0.181884765625
1.03271484375,0.215087890625,0.15625,1.306640625,1.615966796875,0.4111328125,0.8544921875,0.179443359375
1.07177734375,0.2236328125,0.17578125,1.427978515625,1.575439453125,0.426513671875,0.93017578125,0.2099609375
1.03271484375,0.1865234375,0.15869140625,1.169189453125,1.10791015625,0.370361328125,0.96435546875,0.159912109375
0.96923828125,0.203369140625,0.11962890625,1.2509765625,1.232421875,0.3369140625,0.830078125,0.1845703125
0.89111328125,0.211669921875,0.13916015625,1.13720703125,1.402099609375,0.40869140625,0.96435546875,0.168701171875
1.005859375,0.220458984375,0.20263671875,1.02978515625,1.421630859375,0.332275390625,0.8740234375,0.17333984375
1.0791015625,0.21435546875,0.13671875,1.3232421875,1.353759765625,0.450927734375,1.17431640625,0.176513671875
1.11328125,0.240966796875,0.1025390625,1.764892578125,1.796142578125,0.498779296875,0.95947265625,0.243408203125
1.1083984375,0.19970703125,0.146484375,1.09033203125,1.256591796875,0.3779296875,0.966796875,0.178466796875
1.1376953125,0.235107421875,0.14892578125,1.39111328125,1.79736328125,0.3779296875,1.15478515625,0.21142578125
1.044921875,0.239990234375,0.15625,1.56103515625,1.562255859375,0.479736328125,1.15478515625,0.2373046875
0.99365234375,0.19921875,0.1025390625,1.216796875,1.583251953125,0.363525390625,0.75927734375,0.1689453125
1.01806640625,0.218994140625,0.14404296875,1.34521484375,1.36376953125,0.391845703125,1.0302734375,0.205810546875
0.89599609375,0.205322265625,0.1171875,1.1630859375,1.205810546875,0.33837890625,0.86181640625,0.19140625
0.89599609375,0.205322265625,0.15869140625,1.1630859375,1.205810546875,0.33837890625,0.86181640625,0.19140625
1.10107421875,0.2099609375,0.15625,1.332275390625,1.302490234375,0.39599609375,1.04248046875,0.20263671875
0.92041015625,0.229248046875,0.107421875,1.489501953125,1.456298828125,0.452880859375,0.95947265625,0.22900390625
1.0205078125,0.230224609375,0.14892578125,2.03271484375,1.521728515625,0.45654296875,0.86181640625,0.25830078125
1.025390625,0.178955078125,0.16357421875,0.940185546875,1.2685546875,0.33056640625,0.859375,0.16162109375
1.0205078125,0.215576171875,0.13916015625,1.2060546875,1.70068359375,0.4130859375,1.0009765625,0.176025390625
1.1376953125,0.23193359375,0.10498046875,1.408935546875,1.90673828125,0.409423828125,1.11572265625,0.21435546875
1.08642578125,0.2080078125,0.126953125,1.178955078125,1.783447265625,0.3623046875,1.0693359375,0.187744140625
1.12060546875,0.220947265625,0.12939453125,1.388671875,1.4462890625,0.419921875,0.92041015625,0.216064453125
0.8349609375,0.1943359375,0.244140625,0.947021484375,1.26416015625,0.345458984375,0.74951171875,0.16259765625
0.99853515625,0.2197265625,0.12939453125,1.460693359375,1.7587890625,0.29833984375,0.9423828125,0.195556640625
1.10595703125,0.232177734375,0.1611328125,1.273681640625,1.57177734375,0.386962890625,0.9619140625,0.183349609375
1.07177734375,0.198974609375,0.10009765625,1.201171875,1.25244140625,0.326171875,0.90087890625,0.177734375
1.17431640625,0.220703125,0.13671875,0.97802734375,1.462890625,0.37939453125,1.12060546875,0.174560546875
1.04248046875,0.22265625,0.1318359375,1.47607421875,1.610595703125,0.385009765625,0.888671875,0.1962890625
1.083984375,0.21337890625,0.1220703125,,,,1.09130859375,0.197998046875
