NS2AAP,NS2AA,NS2AV,NS2HAP,NS2VA,NS2VV,NS2HV,NS2VAP
1.27978515625,0.1083984375,0.1318359375,0.167236328125,0.117919921875,0.2294921875,0.1123046875,1.439453125
1.1171875,0.11279296875,0.1513671875,0.1728515625,0.117919921875,0.3125,0.1171875,1.478515625
1.0576171875,0.11865234375,0.126953125,0.167236328125,0.125,0.21728515625,0.14404296875,1.56494140625
0.65966796875,0.087646484375,0.1953125,0.1611328125,0.12158203125,0.25390625,0.2001953125,1.228515625
0.663330078125,0.082275390625,0.09765625,0.152099609375,0.144775390625,0.21484375,0.12451171875,1.364990234375
1.220703125,0.1123046875,0.13916015625,0.18701171875,0.142822265625,0.20751953125,0.146484375,1.614013671875
0.656494140625,0.090576171875,0.11962890625,0.142578125,0.1279296875,0.23681640625,0.10009765625,1.338623046875
0.947021484375,0.099853515625,0.10498046875,0.177734375,0.123046875,0.1904296875,0.15625,1.240234375
1.478759765625,0.12841796875,0.09765625,0.1474609375,0.122314453125,0.1708984375,0.14404296875,1.443115234375
1.063232421875,0.11572265625,0.1806640625,0.189208984375,0.13427734375,0.29052734375,0.12451171875,1.427734375
0.796875,0.099853515625,0.146484375,0.165283203125,0.130615234375,0.26123046875,0.1220703125,1.2607421875
1.22265625,0.11572265625,0.12939453125,0.16357421875,0.12939453125,0.23681640625,0.13427734375,1.330810546875
1.22265625,0.119384765625,0.1123046875,0.162109375,0.129150390625,0.2587890625,0.13671875,1.330322265625
1.018798828125,0.112548828125,0.16845703125,0.140380859375,0.150634765625,0.21484375,0.13916015625,1.21142578125
1.243896484375,0.134033203125,0.2197265625,0.166259765625,0.129638671875,0.20263671875,0.126953125,1.489501953125
1.359619140625,0.138671875,0.09033203125,0.15869140625,0.134765625,0.2490234375,0.1513671875,1.7919921875
1.444091796875,0.13525390625,0.1416015625,0.150390625,0.130126953125,0.234375,0.17333984375,1.213623046875
1.33740234375,0.122802734375,0.1904296875,0.160400390625,0.128662109375,0.24169921875,0.166015625,1.442138671875
0.7470703125,0.0888671875,0.1708984375,0.38818359375,0.130615234375,0.22216796875,0.1123046875,1.115966796875
1.14501953125,0.111572265625,0.18310546875,0.38818359375,0.1435546875,0.263671875,0.166015625,1.27880859375
1.31298828125,0.108642578125,0.12939453125,0.4052734375,0.132568359375,0.22216796875,0.11962890625,1.60302734375
1.543212890625,0.15234375,0.17333984375,0.447021484375,0.126953125,0.19775390625,0.12451171875,1.537353515625
1.10595703125,0.108154296875,0.15380859375,0.39306640625,0.1455078125,0.1904296875,0.10986328125,1.755615234375
1.470947265625,0.144775390625,0.13671875,0.40625,0.1455078125,0.224609375,0.11962890625,1.674072265625
1.145751953125,0.1328125,0.13427734375,0.4404296875,0.128662109375,0.14892578125,0.14892578125,1.275390625
1.21923828125,0.13232421875,0.10986328125,0.329833984375,0.1455078125,0.2392578125,0.1318359375,1.280517578125
1.845703125,0.151611328125,0.2294921875,0.361083984375,0.13525390625,0.2099609375,0.1416015625,1.383544921875
1.150390625,0.116455078125,0.166015625,0.4130859375,0.15087890625,0.1416015625,0.126953125,1.619140625
0.85302734375,0.100341796875,0.11962890625,0.39990234375,0.14208984375,0.1904296875,0.146484375,1.197509765625
1.15673828125,0.12548828125,0.126953125,0.3623046875,0.126708984375,0.29052734375,0.09765625,1.74853515625
0.967041015625,0.11474609375,0.18798828125,0.44873046875,0.152587890625,0.21484375,0.15625,1.623046875
0.913330078125,0.10546875,0.1318359375,0.3642578125,0.141845703125,0.21728515625,0.15869140625,1.228515625
1.272705078125,0.1240234375,0.10009765625,0.422119140625,0.14599609375,0.205078125,0.12939453125,1.349609375
1.47509765625,0.14501953125,0.126953125,0.371337890625,0.132568359375,0.2197265625,0.205078125,1.530029296875
0.783447265625,0.09228515625,0.10986328125,0.380859375,0.150634765625,0.18798828125,0.126953125,1.154541015625
1.2783203125,0.154541015625,0.12939453125,0.3935546875,0.146240234375,0.185546875,0.10986328125,1.668701171875
1.1435546875,0.111572265625,0.2099609375,0.461669921875,0.15478515625,0.17578125,0.11474609375,1.216552734375
1.225830078125,0.12109375,0.16845703125,0.462158203125,0.134033203125,0.2392578125,0.13916015625,1.857421875
1.5419921875,0.138427734375,0.2001953125,0.494873046875,0.13525390625,0.2392578125,0.126953125,1.306884765625
0.625,0.094482421875,0.13427734375,0.425537109375,0.13671875,0.322265625,0.1611328125,1.115966796875
1.199951171875,0.13818359375,0.13916015625,0.5595703125,0.14599609375,0.23681640625,0.10009765625,1.54443359375
1.336181640625,0.141357421875,0.13916015625,0.434326171875,0.13818359375,0.224609375,0.10498046875,1.381103515625
1.196044921875,0.1416015625,0.15869140625,0.38427734375,0.138671875,0.13916015625,0.1513671875,1.576416015625
1.37158203125,0.14892578125,0.13427734375,0.48779296875,0.134521484375,0.234375,0.146484375,1.49658203125
1.328125,0.140869140625,0.17822265625,0.491455078125,0.13525390625,0.31494140625,0.15380859375,1.321044921875
1.529296875,0.158447265625,0.18798828125,0.464599609375,0.13623046875,0.20263671875,0.16357421875,1.4921875
1.21240234375,0.14697265625,0.15625,0.38134765625,0.142578125,0.18310546875,0.1318359375,1.56591796875
1.427001953125,0.12841796875,0.2099609375,0.487060546875,0.145751953125,0.19775390625,0.126953125,1.328369140625
0.9130859375,0.10107421875,0.17578125,0.502197265625,0.151123046875,0.26611328125,0.11962890625,1.224609375
0.693603515625,0.096923828125,0.14404296875,0.54736328125,0.151123046875,0.26611328125,0.1806640625,1.56005859375
0.91845703125,0.10986328125,0.16357421875,0.416015625,0.154052734375,0.1953125,0.166015625,1.571044921875
1.2451171875,0.13037109375,0.15869140625,0.378173828125,0.15966796875,0.390625,0.12451171875,1.59912109375
1.541015625,0.14013671875,0.20263671875,0.151611328125,0.14599609375,0.25390625,0.166015625,1.364990234375
0.750244140625,0.0986328125,0.22216796875,0.154296875,0.150146484375,0.33935546875,0.1220703125,1.202392578125
0.95703125,0.121826171875,0.1416015625,0.144775390625,0.1435546875,0.2197265625,0.1220703125,1.373779296875
1.292236328125,0.12060546875,0.1025390625,0.167236328125,0.1318359375,0.15380859375,0.1025390625,1.2529296875
1.2734375,0.14013671875,0.13427734375,0.15087890625,0.154052734375,0.2587890625,0.13671875,1.676513671875
1.55810546875,0.129638671875,0.15380859375,0.16259765625,0.137939453125,0.23193359375,0.1416015625,1.77197265625
1.293701171875,0.142333984375,0.107421875,0.148681640625,0.158203125,0.16845703125,0.14404296875,1.630126953125
1.1923828125,0.13671875,0.078125,0.167724609375,0.1376953125,0.22705078125,0.1220703125,1.342041015625
1.043701171875,0.129638671875,0.126953125,0.15380859375,0.147705078125,0.23193359375,0.12939453125,1.499755859375
1.345458984375,0.131591796875,0.1806640625,0.15625,0.13818359375,0.19287109375,0.1220703125,1.641845703125
1.1015625,0.1142578125,0.15869140625,0.151123046875,0.119384765625,0.2001953125,0.1123046875,1.494384765625
1.1015625,0.1142578125,0.1513671875,0.15478515625,0.1328125,0.15869140625,0.13671875,1.494384765625
1.187255859375,0.125,0.16845703125,0.161865234375,0.146484375,0.21728515625,0.17822265625,1.554931640625
1.337646484375,0.13037109375,0.17333984375,0.163818359375,0.146484375,0.20751953125,0.1611328125,1.406005859375
1.336181640625,0.1484375,0.12939453125,0.1435546875,0.131591796875,0.185546875,0.14404296875,1.966064453125
1.299072265625,0.12548828125,0.09033203125,0.162109375,0.13916015625,0.25146484375,0.10986328125,1.41455078125
1.586181640625,0.138671875,0.1025390625,0.168212890625,0.136474609375,0.185546875,0.13427734375,1.545654296875
1.41552734375,0.16357421875,0.13671875,0.1513671875,0.1533203125,0.185546875,0.13427734375,2.021240234375
1.567626953125,0.167724609375,0.1220703125,0.15087890625,0.1474609375,0.244140625,0.126953125,2.479736328125
1.198974609375,0.146240234375,0.17822265625,0.1455078125,0.138427734375,0.21728515625,0.1025390625,1.498779296875
1.37109375,0.12890625,0.10498046875,0.13623046875,0.153076171875,0.2294921875,0.12939453125,1.8203125
1.12890625,0.12158203125,0.13427734375,0.16748046875,0.135986328125,0.17333984375,0.1220703125,1.699462890625
1.258056640625,0.123046875,0.126953125,0.156982421875,0.1328125,0.21240234375,0.1611328125,1.33984375
1.64990234375,0.149658203125,0.1220703125,0.168701171875,0.161376953125,0.2734375,0.1220703125,1.75830078125
1.443115234375,0.152587890625,0.12451171875,0.15478515625,0.151611328125,0.2392578125,0.14404296875,1.640869140625
0.984375,0.10546875,0.224609375,0.170166015625,0.146484375,0.19287109375,0.1171875,1.334228515625
1.27294921875,0.135986328125,0.13671875,0.142822265625,0.141357421875,0.13916015625,0.11962890625,1.344482421875
1.058349609375,0.10986328125,0.1123046875,0.14306640625,0.14111328125,0.24169921875,0.1806640625,1.522216796875
1.453125,0.149658203125,0.17578125,0.1474609375,0.147216796875,0.185546875,0.09765625,1.4482421875
1.555419921875,0.16064453125,0.146484375,0.157958984375,0.143310546875,0.2880859375,0.11474609375,1.901611328125
1.337890625,0.18701171875,0.15625,0.1591796875,0.160400390625,0.1513671875,0.10986328125,0.1826171875
1.310546875,0.18701171875,0.1171875,0.14794921875,0.14404296875,0.17333984375,0.15380859375,0.202880859375
1.57470703125,0.1826171875,0.1318359375,0.144775390625,0.168701171875,0.1953125,0.14892578125,0.18017578125
1.234619140625,0.229736328125,0.1806640625,0.144775390625,0.1416015625,0.28564453125,0.17578125,0.181884765625
1.602783203125,0.209716796875,0.10986328125,0.153076171875,0.138427734375,0.18798828125,0.10986328125,0.205810546875
1.405029296875,0.2255859375,0.1123046875,0.1552734375,0.150390625,0.23681640625,0.205078125,0.17724609375
1.796142578125,0.21337890625,0.19287109375,0.14501953125,0.132568359375,0.205078125,0.10009765625,0.191162109375
1.33984375,0.2021484375,0.1708984375,0.1572265625,0.1474609375,0.205078125,0.126953125,0.19384765625
1.18212890625,0.165283203125,0.18798828125,0.175537109375,0.14306640625,0.16845703125,0.13671875,0.19677734375
1.341796875,0.179931640625,0.13671875,0.138916015625,0.1533203125,0.37353515625,0.087890625,0.210693359375
1.685302734375,0.21533203125,0.1025390625,0.14892578125,0.145263671875,0.17822265625,0.1708984375,0.182861328125
1.329833984375,0.19677734375,0.146484375,0.158203125,0.150390625,0.2783203125,0.14892578125,0.18310546875
1.413330078125,0.1748046875,0.1708984375,0.1494140625,0.13427734375,0.3173828125,0.0927734375,0.21142578125
1.408203125,0.19580078125,0.1220703125,0.165771484375,0.131591796875,0.205078125,0.0927734375,0.176513671875
1.580810546875,0.216064453125,0.1708984375,0.16259765625,0.150146484375,0.28564453125,0.17822265625,0.173095703125
1.662841796875,0.190185546875,0.16357421875,0.162841796875,0.12548828125,0.25146484375,0.10498046875,0.18603515625
1.761962890625,0.218017578125,0.1220703125,0.146484375,0.154296875,0.1904296875,0.166015625,0.198974609375
1.5830078125,0.203369140625,0.1513671875,0.14453125,0.14306640625,0.26611328125,0.19775390625,0.1875
1.467529296875,0.186767578125,0.146484375,0.148193359375,0.136474609375,0.2099609375,0.1025390625,0.174072265625
1.507080078125,0.233642578125,0.12939453125,0.15380859375,0.1474609375,0.25390625,0.10009765625,0.179443359375
1.662841796875,0.19775390625,0.1318359375,0.148193359375,0.139404296875,0.2880859375,0.15869140625,0.177978515625
1.4697265625,0.245849609375,0.11962890625,0.15478515625,0.1572265625,0.16357421875,0.1513671875,0.171875
1.45751953125,0.1884765625,0.17822265625,0.1552734375,0.131591796875,0.19775390625,0.15380859375,0.176513671875
1.451416015625,0.1962890625,0.15380859375,0.14990234375,0.14892578125,0.146484375,0.11474609375,0.18994140625
1.143310546875,0.227294921875,0.15380859375,0.160400390625,0.141845703125,0.38818359375,0.1123046875,0.16259765625
1.263671875,0.22216796875,0.2001953125,0.158203125,0.1455078125,0.16357421875,0.107421875,0.1845703125
1.46240234375,0.1962890625,0.14404296875,0.16796875,0.136962890625,0.27587890625,0.14892578125,0.1728515625
1.584716796875,0.216064453125,0.107421875,0.1455078125,0.1337890625,0.2978515625,0.1171875,0.18896484375
1.548828125,0.189208984375,0.166015625,0.146728515625,0.145751953125,0.25146484375,0.09033203125,0.19921875
1.355712890625,0.244873046875,0.126953125,0.155517578125,0.154052734375,0.23193359375,0.12939453125,0.17431640625
1.33203125,0.214111328125,0.09765625,0.150390625,0.1474609375,0.20263671875,0.126953125,0.172119140625
1.563232421875,0.189697265625,0.1953125,0.157470703125,0.141845703125,0.35888671875,0.12939453125,0.18603515625
1.29443359375,0.24072265625,0.10009765625,0.14990234375,0.142578125,0.20751953125,0.1220703125,0.187744140625
1.480712890625,0.21875,0.17822265625,0.14697265625,0.1650390625,0.22216796875,0.1220703125,0.20263671875
1.74755859375,0.236328125,0.16845703125,0.155029296875,0.14892578125,0.21484375,0.1123046875,0.189697265625
1.525146484375,0.195556640625,0.11962890625,0.150634765625,0.126953125,0.33203125,0.11962890625,0.1787109375
1.385009765625,0.219970703125,0.12939453125,0.140869140625,0.13037109375,0.2099609375,0.09765625,0.1787109375
1.73388671875,0.22802734375,0.17578125,0.16796875,0.146240234375,0.17333984375,0.1123046875,0.190185546875
1.401611328125,0.235595703125,0.1318359375,0.1484375,0.14404296875,0.2099609375,0.126953125,0.189453125
1.19091796875,0.2001953125,0.15625,0.155517578125,0.17626953125,0.19287109375,0.1171875,0.185546875
1.410400390625,0.206787109375,0.224609375,0.159423828125,0.13525390625,0.27099609375,0.13427734375,0.181884765625
1.189208984375,0.2236328125,0.11962890625,0.15771484375,0.145751953125,0.2197265625,0.1025390625,0.18505859375
1.6728515625,0.208984375,0.15380859375,0.17041015625,0.13671875,0.27099609375,0.10009765625,0.202880859375
1.3603515625,0.189697265625,0.16357421875,0.143310546875,0.14306640625,0.21728515625,0.17822265625,0.19091796875
1.510009765625,0.182861328125,0.07080078125,0.1552734375,0.1376953125,0.18310546875,0.09521484375,0.18701171875
1.549560546875,0.21533203125,0.1220703125,0.167236328125,0.156005859375,0.26611328125,0.10498046875,0.193115234375
1.56982421875,0.189453125,0.12939453125,0.148193359375,0.154296875,0.1953125,0.17333984375,0.193603515625
1.510498046875,0.21044921875,0.126953125,0.151611328125,0.135986328125,0.23193359375,0.1171875,0.197265625
1.14501953125,0.20849609375,0.13916015625,0.150634765625,0.135986328125,0.4150390625,0.09765625,0.20947265625
1.462890625,0.205322265625,0.1416015625,0.149169921875,0.13037109375,0.1904296875,0.2001953125,0.185302734375
1.502685546875,0.207275390625,0.09033203125,0.159423828125,0.14013671875,0.283203125,0.13916015625,0.18359375
1.3720703125,0.244384765625,0.1708984375,0.141845703125,0.14111328125,0.1611328125,0.13427734375,0.18701171875
1.505126953125,0.23828125,0.15625,0.13671875,0.135009765625,0.1611328125,0.13427734375,0.204345703125
1.829833984375,0.25439453125,0.18310546875,0.147705078125,0.13671875,0.1513671875,0.1220703125,0.177001953125
1.631103515625,0.242431640625,0.09521484375,0.161865234375,0.141357421875,0.2587890625,0.13671875,0.181396484375
1.382080078125,0.234375,0.205078125,0.146484375,0.167236328125,0.23681640625,0.1025390625,0.193603515625
1.702880859375,0.231689453125,0.11962890625,0.172119140625,0.126708984375,0.1708984375,0.166015625,0.20166015625
1.5048828125,0.2158203125,0.1708984375,0.141845703125,0.139404296875,0.3076171875,0.15380859375,0.159423828125
1.4912109375,0.22216796875,0.107421875,0.14794921875,0.133544921875,0.1953125,0.1806640625,0.1748046875
1.4599609375,0.194580078125,0.1953125,0.152587890625,0.1416015625,0.25390625,0.205078125,0.18212890625
1.508544921875,0.236083984375,0.17333984375,0.185302734375,0.139404296875,0.29296875,0.23681640625,0.173095703125
1.583984375,0.21533203125,0.166015625,0.1484375,0.14013671875,0.22705078125,0.126953125,0.172119140625
1.756591796875,0.235107421875,0.13427734375,0.1572265625,0.1337890625,0.16357421875,0.12939453125,0.172119140625
1.23583984375,0.216552734375,0.1513671875,0.16357421875,0.138427734375,0.25390625,0.15380859375,0.171875
1.755615234375,0.179931640625,0.11474609375,0.1416015625,0.1484375,0.1953125,0.15869140625,0.205078125
1.170166015625,0.187255859375,0.1904296875,0.168212890625,0.14794921875,0.1318359375,0.10986328125,0.2109375
1.170166015625,0.22021484375,0.1318359375,0.1513671875,0.14697265625,0.244140625,0.1611328125,0.183349609375
1.5810546875,0.22021484375,0.185546875,0.153564453125,0.146484375,0.1708984375,0.1171875,0.19580078125
1.75537109375,0.186279296875,0.2001953125,0.153564453125,0.159912109375,0.302734375,0.11962890625,0.192138671875
1.60693359375,0.2236328125,0.1953125,0.189697265625,0.138916015625,0.2783203125,0.1025390625,0.201904296875
1.5986328125,0.22900390625,0.20751953125,0.15185546875,0.147705078125,0.29541015625,0.18798828125,0.186767578125
1.307861328125,0.2333984375,0.18310546875,0.16064453125,0.145751953125,0.224609375,0.09521484375,0.172607421875
1.238525390625,0.227294921875,0.14892578125,0.1689453125,0.16015625,0.15380859375,0.1025390625,0.1953125
1.979736328125,0.2197265625,0.107421875,0.157958984375,0.14013671875,0.224609375,0.10009765625,0.2041015625
1.657958984375,0.244140625,0.15625,0.14794921875,0.1357421875,0.22216796875,0.16845703125,0.18359375
1.39111328125,0.200439453125,0.1416015625,0.131103515625,0.13525390625,0.21240234375,0.13671875,0.18505859375
1.391845703125,0.222900390625,0.146484375,0.1533203125,0.146484375,0.2490234375,0.18310546875,0.176025390625
1.505615234375,0.249267578125,0.19775390625,0.1748046875,0.154296875,0.16357421875,0.1123046875,0.184326171875
1.3349609375,0.244384765625,0.16845703125,0.15380859375,0.1337890625,0.2587890625,0.15380859375,0.2109375
1.404541015625,0.22607421875,0.12451171875,0.162353515625,0.042724609375,0.380859375,0.13916015625,0.210693359375
1.669677734375,0.2509765625,0.2099609375,0.13623046875,0.043212890625,0.17822265625,0.15380859375,0.204345703125
1.467041015625,0.22412109375,0.12939453125,0.16552734375,0.045166015625,0.26611328125,0.13671875,0.187744140625
1.353271484375,0.22314453125,0.087890625,0.14453125,0.04248046875,0.25146484375,0.11962890625,0.191162109375
1.62548828125,0.213623046875,0.16845703125,0.142578125,0.042724609375,0.18310546875,0.107421875,0.20947265625
1.6376953125,0.2607421875,0.1611328125,0.165283203125,0.04443359375,0.17822265625,0.10986328125,0.1650390625
1.490478515625,0.21826171875,0.20263671875,0.17041015625,0.043701171875,0.234375,0.17822265625,0.184814453125
1.750732421875,0.254150390625,0.11962890625,0.145263671875,0.043701171875,0.205078125,0.13671875,0.190673828125
1.4248046875,0.206298828125,0.13671875,0.1611328125,0.045166015625,0.11962890625,0.126953125,0.179931640625
1.74755859375,0.0234375,1.41845703125,0.173828125,0.05126953125,0.634765625,0.42724609375,0.179931640625
1.65234375,0.024169921875,1.42333984375,0.1484375,0.053955078125,0.57861328125,0.3173828125,0.166748046875
1.788330078125,0.02490234375,1.42333984375,0.162109375,0.052978515625,0.5419921875,0.46630859375,0.17919921875
1.737548828125,0.024658203125,1.171875,0.146728515625,0.052978515625,0.576171875,0.3857421875,0.175537109375
1.3349609375,0.024658203125,1.32080078125,0.156005859375,0.05322265625,0.55908203125,0.322265625,0.20068359375
1.642578125,0.024169921875,1.93603515625,0.139404296875,0.05126953125,0.732421875,0.3662109375,0.197998046875
1.294921875,0.0244140625,1.5625,0.138671875,0.051513671875,0.60302734375,0.35400390625,0.189208984375
1.83544921875,0.024658203125,1.66748046875,0.16796875,0.052001953125,0.7177734375,0.31494140625,0.205810546875
1.859375,0.0244140625,1.56982421875,0.1572265625,0.05224609375,0.7177734375,0.31494140625,0.177001953125
1.65087890625,0.0244140625,1.14013671875,0.1533203125,0.0517578125,0.42724609375,0.2685546875,0.20751953125
1.886474609375,0.024658203125,1.64306640625,0.171630859375,0.0537109375,0.61279296875,0.3125,0.173583984375
1.636474609375,0.0244140625,1.4794921875,0.165283203125,0.052490234375,0.52978515625,0.302734375,0.180908203125
1.290771484375,0.025390625,1.3623046875,0.169677734375,0.05419921875,0.64697265625,0.32958984375,0.1845703125
1.597412109375,0.02392578125,1.5380859375,0.157470703125,0.0537109375,0.49560546875,0.38818359375,0.18505859375
1.704833984375,0.024658203125,1.5234375,0.14892578125,0.0517578125,0.68603515625,0.400390625,0.22802734375
1.728759765625,0.0244140625,1.22314453125,0.148193359375,0.0517578125,0.54931640625,0.28564453125,0.201416015625
1.7216796875,0.0244140625,1.27197265625,0.1640625,0.052490234375,0.63232421875,0.3662109375,0.1953125
1.6982421875,0.024169921875,2.03857421875,0.154052734375,0.051513671875,0.546875,0.2880859375,0.18310546875
1.62890625,0.02392578125,1.49169921875,0.13525390625,0.051513671875,0.59814453125,0.29541015625,0.1787109375
1.78564453125,0.024169921875,1.50390625,0.17822265625,0.052490234375,0.52978515625,0.38818359375,0.173828125
1.846435546875,0.023681640625,1.484375,0.18017578125,0.054443359375,0.62255859375,0.26611328125,0.17626953125
2.027587890625,0.0244140625,1.63330078125,0.156494140625,0.052734375,0.17333984375,0.14404296875,0.195556640625
1.73291015625,0.024169921875,1.7822265625,0.174072265625,0.051513671875,0.234375,0.1123046875,0.197509765625
1.69482421875,0.023681640625,1.70654296875,0.155029296875,0.0546875,0.2783203125,0.1220703125,0.197998046875
1.769775390625,0.024658203125,1.5673828125,0.15234375,0.052734375,0.22705078125,0.1318359375,0.179443359375
1.99267578125,0.024169921875,1.4697265625,0.156005859375,0.05224609375,0.283203125,0.146484375,0.18603515625
1.67333984375,0.024658203125,1.640625,0.162353515625,0.0546875,0.28076171875,0.17822265625,0.17578125
1.575927734375,0.02490234375,0.15380859375,0.15478515625,0.053466796875,0.19287109375,0.15869140625,0.18603515625
2.020263671875,0.024169921875,0.14404296875,0.156494140625,0.052490234375,0.20751953125,0.11962890625,0.1865234375
1.890380859375,0.02490234375,0.11474609375,0.17236328125,0.05419921875,0.33203125,0.13916015625,0.1845703125
1.8369140625,0.024169921875,0.205078125,0.157470703125,0.05224609375,0.15625,0.09521484375,0.89453125
1.924560546875,0.023681640625,0.10009765625,0.14697265625,0.0537109375,0.1953125,0.12939453125,0.89453125
2.05419921875,0.0244140625,0.19775390625,0.150146484375,0.05224609375,0.17578125,0.1220703125,1.3759765625
1.720947265625,0.0244140625,0.12451171875,0.152587890625,0.05224609375,0.21728515625,0.15869140625,0.816162109375
2.17138671875,0.023681640625,0.185546875,0.1806640625,0.051025390625,0.21240234375,0.1123046875,1.3671875
1.854736328125,0.025146484375,0.2294921875,0.138916015625,0.05126953125,0.146484375,0.1904296875,1.008056640625
1.3828125,0.024169921875,0.10009765625,0.133544921875,0.0498046875,0.20263671875,0.1220703125,1.542724609375
1.2587890625,0.02490234375,0.1611328125,0.163330078125,0.051025390625,0.2099609375,0.087890625,1.274169921875
1.753662109375,0.024169921875,0.1171875,0.155517578125,0.051513671875,0.24658203125,0.17333984375,0.90283203125
1.70263671875,0.025390625,0.1611328125,0.170654296875,0.050537109375,0.234375,0.10498046875,0.832275390625
1.769775390625,0.02392578125,0.1220703125,0.144287109375,0.051513671875,0.2880859375,0.14404296875,0.9873046875
1.66796875,0.024169921875,0.166015625,0.178466796875,0.0517578125,0.31005859375,0.1513671875,0.99658203125
1.8671875,0.02392578125,0.1708984375,0.143310546875,0.05126953125,0.23193359375,0.10986328125,0.91845703125
1.739013671875,0.024169921875,0.1025390625,0.174560546875,0.052978515625,0.1953125,0.09033203125,1.429443359375
1.573974609375,0.0244140625,0.14404296875,0.141845703125,0.052001953125,0.166015625,0.11474609375,1.486572265625
1.60400390625,0.024169921875,0.15380859375,0.155029296875,0.05126953125,0.22705078125,0.1171875,1.33447265625
1.688720703125,0.024658203125,0.17578125,0.150390625,0.05126953125,0.146484375,0.13916015625,1.453857421875
1.883056640625,0.024169921875,0.11962890625,0.163818359375,0.051513671875,0.11962890625,0.19287109375,0.76318359375
1.47998046875,0.02392578125,0.15625,0.15234375,0.049072265625,0.17822265625,0.18798828125,1.386474609375
1.551025390625,0.02392578125,0.15625,0.142822265625,0.05126953125,0.24658203125,0.1513671875,0.92724609375
1.458984375,0.02392578125,0.17822265625,0.151123046875,0.052978515625,0.23193359375,0.10986328125,1.4248046875
1.691650390625,0.023681640625,0.10986328125,0.1650390625,0.051025390625,0.25146484375,0.21728515625,0.842529296875
1.4248046875,0.0244140625,0.10986328125,0.17138671875,0.054443359375,0.57861328125,0.2734375,1.045654296875
1.4248046875,0.0244140625,0.13916015625,0.15625,0.054443359375,0.53466796875,0.39794921875,1.35205078125
1.41455078125,0.02392578125,0.10986328125,0.1484375,0.053466796875,0.51025390625,0.3466796875,1.181640625
1.26220703125,0.0244140625,0.107421875,0.171875,0.054443359375,0.51025390625,0.3466796875,1.53857421875
1.642333984375,0.023681640625,0.13427734375,0.15673828125,0.055419921875,0.58349609375,0.4248046875,1.066162109375
1.38671875,0.02392578125,0.16845703125,0.152099609375,0.0537109375,0.48828125,0.25634765625,1.07080078125
1.587646484375,0.02490234375,0.15869140625,0.153076171875,0.053466796875,0.712890625,0.31982421875,1.16455078125
1.271728515625,0.02392578125,0.1025390625,0.16162109375,0.053955078125,0.81298828125,0.4541015625,1.11376953125
1.126953125,0.02392578125,0.10009765625,0.152587890625,0.054931640625,0.7373046875,0.45166015625,1.169189453125
1.28173828125,0.024169921875,0.1416015625,0.155517578125,0.053466796875,0.546875,0.30029296875,0.988037109375
1.612060546875,0.024169921875,0.1513671875,0.150146484375,0.052978515625,0.576171875,0.2685546875,1.592041015625
1.41455078125,0.023681640625,0.13916015625,0.159423828125,0.052978515625,0.56640625,0.25634765625,1.133544921875
1.675048828125,0.024169921875,0.15380859375,0.1689453125,0.0537109375,0.5517578125,0.3564453125,1.021728515625
1.484130859375,0.025634765625,0.11474609375,0.150390625,0.05419921875,0.56884765625,0.302734375,1.28857421875
1.573486328125,0.024169921875,0.1708984375,0.138427734375,0.053466796875,0.4638671875,0.31005859375,0.92333984375
1.289306640625,0.024169921875,0.17822265625,0.168701171875,0.0556640625,0.6640625,0.36865234375,0.907470703125
1.417236328125,0.0244140625,0.2197265625,0.18017578125,0.053466796875,0.64453125,0.4296875,1.277587890625
1.389404296875,0.02490234375,0.20263671875,0.160888671875,0.05419921875,0.63720703125,0.2880859375,1.2705078125
1.495361328125,0.0234375,0.17822265625,0.17626953125,0.052490234375,0.57861328125,0.35888671875,1.198486328125
1.5419921875,0.0244140625,0.126953125,0.166748046875,0.053955078125,0.5224609375,0.2783203125,1.357421875
1.61328125,0.023681640625,0.146484375,0.154052734375,0.0537109375,0.56396484375,0.33447265625,1.083251953125
1.4013671875,0.0244140625,0.19775390625,0.17724609375,0.054931640625,0.56884765625,0.390625,1.443603515625
1.361083984375,0.023681640625,0.1953125,0.170654296875,0.0546875,0.5224609375,0.31982421875,1.23095703125
1.78076171875,0.024169921875,0.1171875,0.15966796875,0.0537109375,0.576171875,0.47607421875,0.19091796875
1.357421875,0.02490234375,0.15869140625,0.1650390625,0.055419921875,0.66650390625,0.3662109375,0.1748046875
1.5,0.0234375,0.1611328125,0.171630859375,0.053955078125,0.56640625,0.29052734375,0.1904296875
1.667236328125,0.0234375,0.13671875,0.183349609375,0.053955078125,0.50537109375,0.32470703125,0.1904296875
1.368408203125,0.024658203125,0.1904296875,0.162841796875,0.053466796875,0.576171875,0.28076171875,0.194580078125
1.4169921875,0.02392578125,0.13427734375,0.1455078125,0.0556640625,0.7080078125,0.33447265625,0.202392578125
1.849609375,0.02392578125,0.10498046875,0.170654296875,0.053955078125,0.21484375,0.15625,0.177978515625
1.638916015625,0.0244140625,0.1171875,0.168701171875,0.054931640625,0.17333984375,0.11962890625,0.16455078125
1.531494140625,0.0244140625,0.11962890625,0.160888671875,0.054931640625,0.15625,0.13427734375,0.18408203125
1.819580078125,0.024658203125,0.21240234375,0.148681640625,0.053466796875,0.37353515625,0.12939453125,0.1943359375
1.57421875,0.0234375,0.146484375,0.155029296875,0.0537109375,0.205078125,0.12451171875,0.2109375
1.4013671875,0.02392578125,0.12939453125,0.14453125,0.052978515625,0.16845703125,0.28564453125,0.7763671875
1.172119140625,0.02392578125,0.1025390625,0.1826171875,0.053466796875,0.234375,0.24658203125,0.939453125
1.179931640625,0.024169921875,0.12939453125,0.15234375,0.052490234375,0.2099609375,0.2587890625,1.37890625
1.71630859375,0.025146484375,0.1318359375,0.165283203125,0.05322265625,0.21240234375,0.2880859375,1.00146484375
1.601806640625,0.024169921875,0.20263671875,0.173095703125,0.05322265625,0.25146484375,0.3173828125,1.067138671875
1.459228515625,0.024658203125,0.15869140625,0.154541015625,0.05322265625,0.1953125,0.3515625,0.939453125
1.2578125,0.0244140625,0.17333984375,0.14306640625,0.052490234375,0.15625,0.302734375,0.955078125
1.590576171875,0.024169921875,0.13427734375,0.156982421875,0.052490234375,0.21484375,0.3857421875,1.00537109375
1.271240234375,0.024169921875,0.15869140625,0.145263671875,0.052490234375,0.29541015625,0.33935546875,1.079833984375
1.287109375,0.0244140625,0.19287109375,0.15625,0.052734375,0.19775390625,0.29052734375,0.9296875
1.490966796875,0.024169921875,0.13427734375,0.162841796875,0.051513671875,0.6103515625,0.29296875,0.947021484375
1.503662109375,0.024658203125,0.15625,0.144775390625,0.05078125,0.6103515625,0.29541015625,1.168212890625
1.6162109375,0.024169921875,0.17333984375,0.15771484375,0.05322265625,0.615234375,0.38330078125,1.0966796875
1.47607421875,0.0244140625,0.11962890625,0.141357421875,0.052978515625,0.70556640625,0.29541015625,1.010009765625
1.57470703125,0.02490234375,0.15869140625,0.15478515625,0.052978515625,0.5712890625,0.31982421875,1.04345703125
1.250244140625,0.024658203125,0.15625,0.1474609375,0.052001953125,0.6787109375,0.3173828125,1.148193359375
1.367919921875,0.0244140625,0.166015625,0.16015625,0.0517578125,0.85205078125,0.2880859375,1.0615234375
1.4814453125,0.02490234375,0.1318359375,0.159912109375,0.052490234375,0.58837890625,0.37109375,1.005126953125
1.408935546875,0.02392578125,0.1318359375,0.18701171875,0.053466796875,0.6982421875,0.322265625,1.304931640625
1.4853515625,0.02392578125,0.12451171875,0.149169921875,0.05322265625,0.830078125,0.322265625,1.341552734375
1.35302734375,0.02392578125,0.1318359375,0.149658203125,0.05322265625,0.576171875,0.3173828125,1.0966796875
1.2919921875,0.02392578125,0.1318359375,0.158203125,0.05126953125,0.4931640625,0.33935546875,0.98486328125
1.99658203125,0.02392578125,0.16845703125,0.152587890625,0.052734375,0.79345703125,0.3076171875,1.0224609375
1.539306640625,0.02587890625,0.1513671875,0.1435546875,0.052978515625,0.537109375,0.2392578125,1.19140625
1.76708984375,0.024169921875,0.17822265625,0.150634765625,0.05322265625,0.6884765625,0.2783203125,1.17919921875
1.72412109375,0.0244140625,0.10009765625,0.14697265625,0.05322265625,0.60302734375,0.283203125,0.9833984375
1.98095703125,0.0244140625,0.13916015625,0.15234375,0.0546875,0.71044921875,0.3662109375,0.19287109375
1.666015625,0.024169921875,0.1416015625,0.160888671875,0.052001953125,0.556640625,0.35400390625,0.19921875
1.72802734375,0.0244140625,0.17822265625,0.158447265625,0.052490234375,0.859375,0.32470703125,0.20703125
1.3046875,0.02490234375,0.18798828125,0.153076171875,0.05419921875,0.5859375,0.31494140625,0.202392578125
1.58447265625,0.024169921875,0.17578125,0.16357421875,0.052978515625,0.63720703125,0.283203125,0.157958984375
1.573486328125,0.024169921875,0.12451171875,0.148193359375,0.052490234375,0.73974609375,0.1513671875,0.184814453125
1.49951171875,0.024169921875,0.13916015625,0.16015625,0.0517578125,0.5908203125,0.1708984375,0.199462890625
1.744873046875,0.024169921875,0.15625,0.1396484375,0.05322265625,0.703125,0.15380859375,0.186279296875
2.087158203125,0.02392578125,0.1416015625,0.145263671875,0.05517578125,0.68359375,0.13427734375,0.185546875
1.630615234375,0.024169921875,0.1611328125,0.157470703125,0.05322265625,0.7763671875,0.16357421875,0.1806640625
1.638671875,0.025146484375,0.1611328125,0.1630859375,0.053466796875,0.4296875,0.14404296875,0.197265625
1.34765625,0.0244140625,0.15625,0.150146484375,0.052734375,0.4248046875,0.15625,0.167236328125
1.4736328125,0.024658203125,0.12939453125,0.16064453125,0.053466796875,0.55908203125,0.09765625,0.1728515625
1.540771484375,0.024658203125,0.17333984375,0.151123046875,0.053955078125,0.7958984375,0.08056640625,0.19677734375
1.322998046875,0.023681640625,0.1318359375,0.1640625,0.0537109375,0.66650390625,0.19287109375,0.1796875
1.691650390625,0.024169921875,0.12451171875,0.151123046875,0.053955078125,0.51513671875,0.18798828125,0.205810546875
1.86669921875,0.023193359375,0.19287109375,0.143798828125,0.05224609375,0.6298828125,0.17578125,0.174072265625
1.641845703125,0.024169921875,0.1318359375,0.1494140625,0.054443359375,0.546875,0.1123046875,0.201904296875
1.13232421875,0.251708984375,0.18798828125,0.155517578125,0.04736328125,0.1953125,0.09765625,0.18212890625
1.13232421875,0.26708984375,0.13427734375,0.1630859375,0.04736328125,0.2783203125,0.21484375,0.197021484375
1.2890625,0.2314453125,0.11962890625,0.1533203125,0.04833984375,0.17822265625,0.16845703125,0.202880859375
1.49560546875,0.25244140625,0.28564453125,0.185791015625,0.0478515625,0.19287109375,0.09765625,0.199951171875
1.297607421875,0.23486328125,0.17822265625,0.15283203125,0.046142578125,0.1318359375,0.1025390625,0.192626953125
1.4326171875,0.269775390625,0.2001953125,0.154541015625,0.046875,0.16845703125,0.11474609375,0.211181640625
1.4453125,0.260009765625,0.11962890625,0.155517578125,0.047607421875,0.19775390625,0.11474609375,0.177490234375
1.447509765625,0.26904296875,0.11474609375,0.14599609375,0.04638671875,0.30029296875,0.1806640625,0.1884765625
1.056884765625,0.283447265625,0.1416015625,0.143798828125,0.047119140625,0.2783203125,0.13671875,0.1923828125
1.228759765625,0.271484375,0.126953125,0.171142578125,0.046630859375,0.19775390625,0.15380859375,0.193359375
1.365234375,0.288330078125,0.1220703125,0.15185546875,0.0478515625,0.22705078125,0.12939453125,0.18408203125
1.30615234375,0.296875,0.19287109375,0.165283203125,0.04833984375,0.2783203125,0.1025390625,0.193115234375
1.15283203125,0.269287109375,0.16357421875,0.155517578125,0.0458984375,0.16845703125,0.15869140625,0.193115234375
1.36669921875,0.23779296875,0.1220703125,0.161865234375,0.04736328125,0.16845703125,0.14892578125,0.1943359375
1.339599609375,0.2705078125,0.13916015625,0.15966796875,0.046142578125,0.18798828125,0.13916015625,0.2041015625
1.333740234375,0.26025390625,0.10498046875,0.14990234375,0.048095703125,0.1708984375,0.185546875,0.1669921875
1.495361328125,0.226318359375,0.09521484375,0.152099609375,0.046630859375,0.1611328125,0.14892578125,0.209228515625
1.2392578125,0.23828125,0.15380859375,0.140625,0.0478515625,0.25390625,0.16845703125,0.19970703125
1.263916015625,0.276123046875,0.146484375,0.152099609375,0.04736328125,0.32958984375,0.1220703125,0.188720703125
1.614990234375,0.276123046875,0.2099609375,0.15380859375,0.046875,0.2099609375,0.1318359375,0.1943359375
1.2822265625,0.233154296875,0.15625,0.168701171875,0.04638671875,0.21484375,0.1513671875,0.19287109375
1.639892578125,0.25341796875,0.146484375,0.164794921875,0.048095703125,0.31494140625,0.12939453125,0.193359375
1.24951171875,0.26318359375,0.19287109375,0.156005859375,0.046630859375,0.26611328125,0.10986328125,0.180419921875
1.20361328125,0.24365234375,0.14892578125,0.142333984375,0.047607421875,0.26123046875,0.18798828125,0.180419921875
1.63720703125,0.271240234375,0.1513671875,0.183837890625,0.046875,0.2392578125,0.17822265625,0.201904296875
1.49609375,0.26220703125,0.17333984375,0.169677734375,0.04638671875,0.20751953125,0.1416015625,0.18701171875
1.321044921875,0.257080078125,0.15380859375,0.170654296875,0.047119140625,0.28076171875,0.15625,0.163818359375
1.490966796875,0.26611328125,0.19287109375,0.433837890625,0.046142578125,0.19287109375,0.15625,0.18212890625
1.338134765625,0.22900390625,0.1611328125,0.3837890625,0.047119140625,0.185546875,0.1416015625,0.183349609375
1.5791015625,0.24365234375,0.15380859375,0.43701171875,0.0478515625,0.20263671875,0.09033203125,0.1669921875
1.40380859375,0.251708984375,0.1171875,0.302978515625,0.047607421875,0.18310546875,0.13671875,0.183349609375
1.135498046875,0.222900390625,0.13427734375,0.328125,0.046630859375,0.25634765625,0.15625,0.18994140625
1.49658203125,0.26318359375,0.10498046875,0.29443359375,0.048583984375,0.224609375,0.10009765625,0.188232421875
1.49365234375,0.246826171875,0.1220703125,0.525634765625,0.04736328125,0.20263671875,0.1123046875,0.186767578125
1.6669921875,0.26171875,0.13671875,0.33056640625,0.046875,0.25634765625,0.11962890625,0.21240234375
1.234130859375,0.254150390625,0.14404296875,0.377685546875,0.047119140625,0.22705078125,0.14404296875,0.18115234375
1.610595703125,0.297607421875,0.11962890625,0.458740234375,0.04638671875,0.17333984375,0.1318359375,0.177001953125
1.796630859375,0.256103515625,0.15380859375,0.483154296875,0.048583984375,0.2197265625,0.1220703125,0.180419921875
1.67236328125,0.259033203125,0.10986328125,0.327880859375,0.047119140625,0.27587890625,0.11962890625,0.188232421875
1.400146484375,0.266845703125,0.2197265625,0.42041015625,0.048095703125,0.2001953125,0.10498046875,0.188720703125
1.291259765625,0.265625,1.2548828125,0.42626953125,0.0478515625,0.21728515625,0.11474609375,0.201904296875
1.551025390625,0.28369140625,1.62109375,0.349365234375,0.04736328125,0.29296875,0.1708984375,0.19970703125
1.389892578125,0.25244140625,1.72119140625,0.53857421875,0.048583984375,0.24658203125,0.12451171875,0.191162109375
1.239501953125,0.28466796875,1.47216796875,0.48828125,0.047119140625,0.234375,0.10986328125,0.175537109375
1.23193359375,0.242919921875,1.484375,0.52880859375,0.047119140625,0.302734375,0.2001953125,0.169189453125
1.524169921875,0.279052734375,1.46240234375,0.444580078125,0.049072265625,0.2197265625,0.1171875,0.19921875
1.115478515625,0.256591796875,1.40625,0.3994140625,0.048095703125,0.2490234375,0.11962890625,0.18896484375
1.338134765625,0.2626953125,1.4306640625,0.318359375,0.04638671875,0.32470703125,0.15380859375,0.214111328125
1.341796875,0.245849609375,1.4697265625,0.3994140625,0.048828125,0.17822265625,0.1220703125,0.17578125
1.555419921875,0.253173828125,1.52099609375,0.4794921875,0.0478515625,0.24658203125,0.11962890625,0.17431640625
1.49560546875,0.272705078125,1.49169921875,0.489013671875,0.046875,0.2392578125,0.14892578125,0.205810546875
1.64990234375,0.24365234375,1.12060546875,0.362060546875,0.048828125,0.26611328125,0.146484375,0.208251953125
1.773681640625,0.27099609375,1.50146484375,0.477294921875,0.049072265625,0.2099609375,0.17822265625,0.18115234375
1.85302734375,0.260009765625,1.46728515625,0.52783203125,0.04931640625,0.2099609375,0.13916015625,0.171630859375
1.4765625,0.272216796875,1.53564453125,0.39501953125,0.0478515625,0.1806640625,0.10986328125,0.20263671875
1.618896484375,0.250244140625,1.52099609375,0.791748046875,0.046875,0.32470703125,0.1025390625,0.219970703125
1.41015625,0.24365234375,1.45751953125,0.357421875,0.048095703125,0.21240234375,0.12939453125,0.219970703125
1.268310546875,0.271728515625,1.611328125,0.42041015625,0.048583984375,0.224609375,0.13916015625,0.210205078125
1.400634765625,0.251708984375,1.69677734375,0.34326171875,0.04833984375,0.25390625,0.12451171875,0.191162109375
1.203125,0.2587890625,1.29638671875,0.43896484375,0.048583984375,0.45166015625,0.13427734375,0.182861328125
1.701171875,0.265869140625,1.611328125,0.514404296875,0.04931640625,0.26123046875,0.09521484375,0.17138671875
1.620361328125,0.261474609375,1.43798828125,0.405029296875,0.04833984375,0.32470703125,0.1416015625,0.194091796875
1.765625,0.23095703125,1.43798828125,0.50634765625,0.0478515625,0.29541015625,0.16357421875,0.18408203125
1.47265625,0.24462890625,1.58935546875,0.34375,0.04736328125,0.25390625,0.11962890625,0.18310546875
1.16357421875,0.252685546875,1.40380859375,0.43408203125,0.0498046875,0.1708984375,0.1025390625,0.190673828125
1.29736328125,0.253173828125,1.46728515625,0.491943359375,0.048095703125,0.1708984375,0.10498046875,0.200927734375
1.41796875,0.245849609375,1.85546875,0.371826171875,0.046875,0.15625,0.14892578125,0.18408203125
1.41796875,0.251953125,1.74072265625,0.625,0.05029296875,0.21728515625,0.1708984375,0.192138671875
1.253662109375,0.27392578125,1.4306640625,0.325439453125,0.049560546875,0.234375,0.1318359375,0.189453125
1.446044921875,0.27099609375,1.33056640625,0.48388671875,0.04931640625,0.2685546875,0.15869140625,0.19970703125
1.32275390625,0.25,1.376953125,0.587890625,0.04736328125,0.146484375,0.126953125,0.209716796875
1.59326171875,0.263427734375,1.64306640625,0.507568359375,0.0498046875,0.18798828125,0.1708984375,0.169921875
1.4091796875,0.23583984375,1.49169921875,0.615478515625,0.049072265625,0.15625,0.1220703125,0.189208984375
1.400634765625,0.257568359375,1.1572265625,0.506103515625,0.048828125,0.20751953125,0.09521484375,0.185302734375
1.491943359375,0.261962890625,1.513671875,0.54638671875,0.048583984375,0.25146484375,0.14404296875,0.19580078125
1.22216796875,0.2802734375,1.787109375,0.562744140625,0.049560546875,0.24658203125,0.1220703125,0.192138671875
1.4326171875,0.288330078125,1.23046875,0.52978515625,0.04931640625,0.19775390625,0.2197265625,0.179931640625
1.6005859375,0.276123046875,1.4599609375,0.42529296875,0.049072265625,0.2734375,0.1025390625,0.19287109375
1.444091796875,0.2421875,1.44287109375,0.3623046875,0.0498046875,0.25634765625,0.1708984375,0.1796875
1.54931640625,0.25341796875,1.572265625,0.39013671875,0.050048828125,0.27099609375,0.14892578125,0.20068359375
1.991943359375,0.26416015625,1.25732421875,0.40625,0.0498046875,0.30517578125,0.13427734375,0.17236328125
1.569091796875,0.02490234375,1.3671875,0.5146484375,0.05029296875,0.28564453125,0.166015625,0.17822265625
1.50537109375,0.0244140625,1.9677734375,0.40283203125,0.047607421875,0.24658203125,0.14404296875,0.198486328125
1.41064453125,0.0244140625,1.806640625,0.37841796875,0.05029296875,0.26611328125,0.20263671875,0.192138671875
1.83056640625,0.0244140625,1.259765625,0.518798828125,0.05126953125,0.22216796875,0.10009765625,0.180419921875
1.69580078125,0.02490234375,1.20849609375,0.476318359375,0.048583984375,0.23681640625,0.12451171875,0.164794921875
1.892822265625,0.0244140625,1.2841796875,0.79736328125,0.049072265625,0.244140625,0.12451171875,0.176513671875
1.250732421875,0.0244140625,1.59912109375,0.5234375,0.04931640625,0.2294921875,0.1220703125,0.19482421875
1.438720703125,0.023681640625,0.16357421875,0.436767578125,0.0498046875,0.19287109375,0.15625,0.181640625
1.72021484375,0.0244140625,0.14892578125,0.366455078125,0.048828125,0.2294921875,0.1904296875,0.18701171875
1.708984375,0.0244140625,0.18798828125,0.757080078125,0.05126953125,0.234375,0.16845703125,0.197509765625
1.291015625,0.024658203125,0.17333984375,0.54541015625,0.051025390625,0.20751953125,0.13671875,0.200439453125
1.649169921875,0.02392578125,0.1953125,0.54541015625,0.049560546875,0.1708984375,0.10986328125,0.173583984375
1.819091796875,0.0244140625,0.11474609375,0.53759765625,0.049072265625,0.244140625,0.146484375,0.188232421875
1.39892578125,0.024169921875,0.15625,0.43603515625,0.05126953125,0.18798828125,0.19775390625,0.178466796875
1.627685546875,0.024658203125,0.13671875,0.5673828125,0.04931640625,0.26611328125,0.1318359375,0.20654296875
1.75341796875,0.024169921875,0.10498046875,0.50048828125,0.05029296875,0.25146484375,0.126953125,0.21435546875
1.581787109375,0.024658203125,0.15380859375,0.818603515625,0.049560546875,0.185546875,0.107421875,0.200439453125
1.5576171875,0.023681640625,0.13427734375,0.60693359375,0.05029296875,0.2734375,0.10009765625,0.202392578125
1.3623046875,0.02392578125,0.15625,0.59765625,0.050537109375,0.18310546875,0.10498046875,0.19970703125
1.633056640625,0.02490234375,0.1220703125,0.611328125,0.049560546875,0.341796875,0.185546875,0.184326171875
1.421630859375,0.024658203125,0.16357421875,0.46337890625,0.05078125,0.13671875,0.1025390625,0.203369140625
1.545166015625,0.024169921875,0.14404296875,0.47607421875,0.050537109375,0.19775390625,0.1611328125,0.20361328125
1.474609375,0.0244140625,0.17822265625,0.56787109375,0.05126953125,0.20751953125,0.146484375,0.180419921875
1.4931640625,0.0244140625,0.12939453125,0.706298828125,0.051025390625,0.1953125,0.15380859375,0.19482421875
1.52197265625,0.0244140625,0.13916015625,0.8642578125,0.050537109375,0.166015625,0.14892578125,0.1875
1.404296875,0.024169921875,0.13427734375,0.345458984375,0.049072265625,0.25634765625,0.0830078125,0.184326171875
1.662353515625,0.0244140625,0.14404296875,0.53076171875,0.050048828125,0.2587890625,0.23681640625,0.17138671875
1.56640625,0.023681640625,0.10009765625,0.433837890625,0.04931640625,0.2099609375,0.10498046875,0.190185546875
1.68115234375,0.023681640625,0.107421875,0.456298828125,0.05029296875,0.234375,0.12451171875,0.19091796875
1.365234375,0.023681640625,0.15625,0.452392578125,0.05078125,0.2001953125,0.19287109375,0.177490234375
1.1943359375,0.025390625,0.146484375,0.344970703125,0.052001953125,0.17333984375,0.08544921875,0.17333984375
1.742919921875,0.02490234375,0.12939453125,0.344970703125,0.0498046875,0.17333984375,0.1611328125,0.185546875
1.836181640625,0.02490234375,0.1318359375,0.347900390625,0.051513671875,0.17578125,0.107421875,0.175048828125
1.462158203125,0.0244140625,0.1416015625,0.532470703125,0.05029296875,0.2490234375,0.087890625,0.1826171875
1.615478515625,0.025146484375,0.16357421875,0.447265625,0.05078125,0.22216796875,0.1123046875,0.196533203125
1.338623046875,0.024658203125,0.17822265625,0.50927734375,0.05224609375,0.27587890625,0.126953125,0.18994140625
1.93505859375,0.0244140625,0.1513671875,0.4970703125,0.050537109375,0.33935546875,0.13427734375,0.19775390625
1.47998046875,0.02392578125,0.17333984375,0.4208984375,0.05029296875,0.33935546875,0.16357421875,0.188232421875
1.582763671875,0.024658203125,0.16357421875,0.34814453125,0.05029296875,0.1806640625,0.13427734375,0.177001953125
1.366455078125,0.023681640625,0.166015625,0.386474609375,0.050537109375,0.23681640625,0.0830078125,0.1806640625
1.71240234375,0.024169921875,0.166015625,0.471923828125,0.05126953125,0.146484375,0.1513671875,0.1806640625
1.81005859375,0.023681640625,0.185546875,0.3974609375,0.049560546875,0.13427734375,0.12939453125,0.19091796875
1.985107421875,0.0244140625,0.11962890625,0.35693359375,0.052001953125,0.18310546875,0.1318359375,0.18798828125
1.4580078125,0.0234375,0.146484375,0.376953125,0.049072265625,0.17333984375,0.15380859375,0.177978515625
1.374755859375,0.02490234375,0.13671875,0.442626953125,0.050537109375,0.341796875,0.146484375,1.255126953125
1.501953125,0.024658203125,0.1953125,0.42431640625,0.0517578125,0.21240234375,0.205078125,1.25
1.376953125,0.0244140625,0.1123046875,0.40625,0.05078125,0.21240234375,0.17822265625,0.75927734375
1.598876953125,0.0244140625,0.1513671875,0.3935546875,0.051513671875,0.17333984375,0.146484375,1.093505859375
1.798095703125,0.023681640625,0.16845703125,0.35791015625,0.05224609375,0.2197265625,0.1123046875,1.067626953125
1.52197265625,0.024169921875,0.18798828125,0.57373046875,0.05224609375,0.2001953125,0.3515625,1.03857421875
1.61865234375,0.024658203125,0.15869140625,0.498779296875,0.050048828125,0.3271484375,0.3515625,0.995849609375
1.61865234375,0.024169921875,0.1025390625,0.518798828125,0.0517578125,0.2734375,0.34912109375,1.1279296875
1.66064453125,0.0244140625,0.205078125,0.341796875,0.05078125,0.18310546875,0.2978515625,1.161376953125
1.475341796875,0.025390625,0.11474609375,0.412353515625,0.051513671875,0.24169921875,0.50048828125,1.145263671875
1.47998046875,0.02490234375,0.0927734375,0.417236328125,0.051025390625,0.18310546875,0.33935546875,1.11376953125
1.51611328125,0.025634765625,0.19775390625,0.35107421875,0.05126953125,0.205078125,0.29296875,0.782470703125
1.373779296875,0.024169921875,0.11474609375,0.33935546875,0.05078125,0.24658203125,0.28076171875,1.186279296875
1.26806640625,0.02490234375,0.13671875,0.388427734375,0.051025390625,0.322265625,0.36376953125,1.050537109375
2.3232421875,0.024658203125,0.14892578125,0.393798828125,0.052001953125,0.18310546875,0.31982421875,1.140625
1.4150390625,0.024169921875,0.18798828125,0.435302734375,0.05224609375,0.205078125,0.400390625,1.097412109375
1.38525390625,0.024169921875,0.14892578125,0.444580078125,0.051513671875,0.2197265625,0.390625,1.122802734375
1.502197265625,0.025146484375,0.12939453125,0.382080078125,0.052001953125,0.26123046875,0.41259765625,1.3798828125
1.493408203125,0.02490234375,0.1611328125,0.599853515625,0.052734375,0.146484375,0.35888671875,1.135986328125
1.362060546875,0.0244140625,0.1220703125,0.494140625,0.052490234375,0.20263671875,0.33203125,0.884765625
1.6474609375,0.0244140625,0.1708984375,0.432373046875,0.0517578125,0.24658203125,0.400390625,1.019287109375
1.156494140625,0.025634765625,0.1416015625,0.352783203125,0.052978515625,0.19287109375,0.34423828125,1.23291015625
1.254150390625,0.0244140625,0.09521484375,0.38623046875,0.052490234375,0.45166015625,0.2685546875,1.0576171875
1.728759765625,0.025146484375,0.1318359375,0.4599609375,0.087646484375,0.20751953125,0.4345703125,1.0068359375
1.6181640625,0.024169921875,0.1318359375,0.505859375,0.085693359375,0.19775390625,0.3076171875,0.916748046875
1.327392578125,0.025634765625,0.18310546875,0.427978515625,0.0869140625,0.23193359375,0.28564453125,1.420654296875
1.809814453125,0.0234375,0.1318359375,0.470703125,0.0849609375,0.28564453125,0.2978515625,1.27294921875
1.719482421875,0.024658203125,0.12939453125,0.446044921875,0.087158203125,0.2734375,0.2880859375,1.1630859375
1.379150390625,0.0244140625,0.1904296875,0.401611328125,0.08544921875,0.18310546875,0.35888671875,1.078125
1.568115234375,0.024658203125,0.1171875,0.379638671875,0.084228515625,0.19775390625,0.341796875,1.39453125
1.711669921875,0.02587890625,0.12451171875,0.370361328125,0.085205078125,0.17333984375,0.3759765625,1.046875
2.1064453125,0.025634765625,0.17333984375,0.397216796875,0.0859375,0.1611328125,0.10009765625,1.299072265625
1.31494140625,0.024169921875,0.107421875,0.403564453125,0.0869140625,0.22216796875,0.14892578125,0.910400390625
1.33984375,0.02392578125,0.14892578125,0.49853515625,0.087158203125,0.19775390625,0.13671875,1.360595703125
1.456298828125,0.023681640625,0.11474609375,0.478271484375,0.08740234375,0.25634765625,0.087890625,1.31787109375
1.667724609375,0.023681640625,0.14892578125,0.462646484375,0.08642578125,0.1953125,0.13916015625,1.255126953125
1.744140625,0.023193359375,0.2001953125,0.5078125,0.0859375,0.244140625,0.1904296875,1.161865234375
1.334716796875,0.02392578125,0.1806640625,0.4365234375,0.086669921875,0.1611328125,0.1123046875,1.648681640625
1.5732421875,0.025634765625,0.1416015625,0.150146484375,0.054443359375,0.64697265625,0.19287109375,0.175048828125
1.56494140625,0.02490234375,0.1416015625,0.145263671875,0.0546875,0.60302734375,0.10498046875,0.168212890625
1.304443359375,0.0244140625,0.12451171875,0.171630859375,0.053955078125,0.634765625,0.15380859375,0.176513671875
1.967041015625,0.024169921875,0.2294921875,0.164306640625,0.053466796875,0.703125,0.0927734375,0.18212890625
1.5029296875,0.024658203125,0.14892578125,0.166259765625,0.055419921875,0.7763671875,0.18310546875,0.209716796875
1.45263671875,0.02490234375,0.1025390625,0.15576171875,0.0537109375,0.72021484375,0.16357421875,0.169189453125
1.826171875,0.023193359375,0.14892578125,0.15185546875,0.0537109375,0.7470703125,0.17578125,0.171142578125
1.544189453125,0.025146484375,0.107421875,0.151611328125,0.054931640625,0.65673828125,0.13671875,0.166748046875
1.70068359375,0.024169921875,0.19287109375,0.169921875,0.0556640625,0.6298828125,0.185546875,0.185302734375
1.541259765625,0.02392578125,0.10498046875,0.15625,0.055908203125,0.68359375,0.09033203125,0.19921875
1.837158203125,0.02490234375,0.16845703125,0.1484375,0.0546875,0.77392578125,0.10986328125,0.177734375
1.2890625,0.024658203125,0.20263671875,0.165283203125,0.054443359375,0.732421875,0.15869140625,0.189453125
1.801513671875,0.024658203125,0.10009765625,0.172119140625,0.054443359375,0.7080078125,0.17578125,0.198974609375
1.516357421875,0.0244140625,0.1318359375,0.165771484375,0.0556640625,0.6201171875,0.19287109375,0.185302734375
1.65869140625,0.0244140625,0.16357421875,0.153564453125,0.0546875,0.56640625,0.146484375,0.17919921875
1.943359375,0.025146484375,0.14892578125,0.171875,0.053955078125,0.76904296875,0.09521484375,0.182373046875
1.664794921875,0.0244140625,0.14404296875,0.1396484375,0.05419921875,0.65185546875,0.146484375,0.189453125
1.69140625,0.0244140625,0.13916015625,0.188720703125,0.054931640625,0.70068359375,0.13671875,0.1748046875
1.801025390625,0.02392578125,0.17333984375,0.148193359375,0.054931640625,0.6298828125,0.1953125,0.1982421875
1.5205078125,0.023681640625,0.11962890625,0.142822265625,0.053466796875,0.80078125,0.1416015625,0.184326171875
1.650390625,0.272216796875,0.185546875,0.166259765625,0.05419921875,0.63720703125,0.12939453125,0.1923828125
2.042724609375,0.2822265625,0.1513671875,0.14013671875,0.055908203125,0.6787109375,0.1123046875,0.175537109375
1.34619140625,0.267822265625,0.23193359375,0.163330078125,0.052490234375,0.7080078125,0.1220703125,0.187255859375
1.3642578125,0.1953125,0.18798828125,0.14697265625,0.053466796875,0.63720703125,0.13671875,0.195068359375
1.57666015625,0.273681640625,0.126953125,0.156494140625,0.054443359375,0.6494140625,0.09521484375,0.165771484375
1.7822265625,0.265380859375,0.166015625,0.161865234375,0.0546875,0.74462890625,0.17333984375,0.171142578125
1.9755859375,0.239013671875,0.12939453125,0.154541015625,0.05419921875,0.673828125,0.1025390625,0.192138671875
1.654296875,0.259521484375,0.18310546875,0.15966796875,0.0537109375,0.63232421875,0.13671875,0.195068359375
1.721923828125,0.258056640625,0.13427734375,0.14453125,0.052978515625,0.52978515625,0.1318359375,0.232177734375
1.889404296875,0.26708984375,0.17822265625,0.15380859375,0.055908203125,0.56640625,0.2099609375,0.175537109375
1.77880859375,0.24853515625,0.11962890625,0.164306640625,0.0537109375,0.7763671875,0.14892578125,0.196044921875
1.61767578125,0.230224609375,0.13916015625,0.16064453125,0.0546875,0.5224609375,0.15625,0.184326171875
1.461669921875,0.256103515625,0.107421875,0.15478515625,0.055908203125,0.67626953125,0.13671875,0.188232421875
1.742431640625,0.23583984375,0.1416015625,0.179443359375,0.0546875,0.63720703125,0.11962890625,0.177734375
1.92626953125,0.26953125,0.13671875,0.165283203125,0.05419921875,0.5810546875,0.1513671875,0.196044921875
1.82275390625,0.2314453125,0.18310546875,0.16796875,0.05419921875,0.5908203125,0.15869140625,0.18017578125
1.71337890625,0.272216796875,0.17578125,0.155517578125,0.0537109375,0.72265625,0.107421875,0.17041015625
2.032958984375,0.24853515625,0.14404296875,0.155517578125,0.054931640625,0.78369140625,0.13427734375,0.17041015625
1.550048828125,0.246337890625,0.09521484375,0.137451171875,0.054931640625,0.439453125,0.13427734375,0.193115234375
1.610595703125,0.281982421875,0.146484375,0.14013671875,0.0546875,0.6298828125,0.11474609375,0.193359375
1.8251953125,0.248779296875,0.09765625,0.161376953125,0.053955078125,0.4736328125,0.13916015625,0.19140625
1.6376953125,0.251953125,0.1318359375,0.14892578125,0.053955078125,0.61279296875,0.0927734375,0.197509765625
1.575927734375,0.251953125,0.2685546875,0.144775390625,0.05517578125,0.60302734375,0.1953125,0.184326171875
1.659912109375,0.22265625,0.14404296875,0.155517578125,0.05322265625,0.712890625,0.13427734375,0.19921875
1.697509765625,0.239501953125,0.15625,0.142333984375,0.055419921875,0.7080078125,0.126953125,0.21337890625
1.884033203125,0.265625,1.08642578125,0.147705078125,0.053466796875,0.85693359375,0.1123046875,0.18798828125
1.754150390625,0.302978515625,1.32568359375,0.150634765625,0.055419921875,0.6591796875,0.13671875,0.20263671875
1.60888671875,0.26806640625,1.54052734375,0.14306640625,0.054931640625,0.87158203125,0.12939453125,0.2021484375
1.77734375,0.24072265625,1.29638671875,0.173095703125,0.054443359375,0.7080078125,0.09521484375,0.1796875
1.4794921875,0.24462890625,1.43310546875,0.16357421875,0.05419921875,0.556640625,0.21240234375,0.20556640625
1.490234375,0.26123046875,1.28173828125,0.16552734375,0.053955078125,0.59326171875,0.1171875,0.185546875
1.86572265625,0.267822265625,1.5380859375,0.1669921875,0.055908203125,0.7177734375,0.10986328125,0.18310546875
1.5322265625,0.274169921875,1.357421875,0.158447265625,0.05517578125,0.61767578125,0.2001953125,0.202392578125
1.776611328125,0.225830078125,1.2451171875,0.177490234375,0.0546875,0.56640625,0.234375,0.216796875
1.563720703125,0.222900390625,1.26708984375,0.16259765625,0.054443359375,0.76904296875,0.1416015625,0.197021484375
1.2392578125,0.273193359375,1.61376953125,0.17578125,0.054443359375,0.70068359375,0.08544921875,0.202880859375
1.50146484375,0.26220703125,1.3818359375,0.138427734375,0.053955078125,0.70068359375,0.1318359375,0.192626953125
1.618896484375,0.28173828125,1.3525390625,0.169677734375,0.054931640625,0.6005859375,0.19287109375,0.186767578125
1.822021484375,0.22216796875,1.54541015625,0.1513671875,0.054443359375,0.64208984375,0.1513671875,0.174560546875
1.64306640625,0.2666015625,1.25732421875,0.155029296875,0.055908203125,0.72265625,0.11474609375,0.17529296875
1.863525390625,0.27734375,1.7236328125,0.16943359375,0.054443359375,0.50537109375,0.1171875,0.1748046875
1.863525390625,0.2138671875,1.46240234375,0.177734375,0.053955078125,0.5126953125,0.12451171875,0.2001953125
1.580322265625,0.264892578125,1.337890625,0.18408203125,0.0537109375,0.4541015625,0.1416015625,0.200439453125
1.84375,0.2470703125,1.25732421875,0.16796875,0.055419921875,0.68603515625,0.12939453125,0.189453125
1.7109375,0.252197265625,1.39892578125,0.142822265625,0.052734375,0.7470703125,0.1220703125,0.207763671875
1.58837890625,0.25732421875,1.25732421875,0.17431640625,0.052734375,0.61279296875,0.12939453125,0.169921875
1.744140625,0.2568359375,1.22314453125,0.16748046875,0.053955078125,0.52978515625,0.1318359375,0.18115234375
1.6015625,0.2177734375,1.318359375,0.158447265625,0.0546875,0.6103515625,0.10986328125,0.178955078125
1.6865234375,0.024658203125,1.34033203125,0.171630859375,0.052978515625,0.4150390625,0.16845703125,0.187255859375
1.656494140625,0.024658203125,1.11572265625,0.164794921875,0.053955078125,0.6103515625,0.14404296875,0.1865234375
1.8212890625,0.02490234375,1.318359375,0.155517578125,0.0546875,0.771484375,0.107421875,0.207763671875
1.86376953125,0.024658203125,1.49658203125,0.172119140625,0.055908203125,0.576171875,0.13916015625,0.176513671875
1.679931640625,0.0244140625,1.33056640625,0.16015625,0.05517578125,0.45166015625,0.1123046875,0.197998046875
1.4697265625,0.024658203125,1.07177734375,0.1455078125,0.05517578125,0.49072265625,0.13916015625,0.1787109375
1.974853515625,0.236083984375,1.40869140625,0.1787109375,0.146484375,0.56396484375,0.11962890625,0.18701171875
1.743408203125,0.228271484375,1.5380859375,0.169189453125,0.16748046875,0.5810546875,0.20263671875,0.1884765625
1.811767578125,0.266357421875,1.39892578125,0.16064453125,0.15673828125,0.74951171875,0.18310546875,0.18310546875
1.13671875,0.208251953125,1.48193359375,0.1533203125,0.140625,0.56640625,0.15380859375,0.192138671875
1.79052734375,0.2294921875,1.56005859375,0.162841796875,0.13818359375,0.50537109375,0.17333984375,0.17919921875
1.67578125,0.229248046875,1.4892578125,0.1630859375,0.15185546875,0.67626953125,0.1123046875,0.18408203125
1.696533203125,0.223388671875,1.33544921875,0.146240234375,0.15185546875,0.52978515625,0.146484375,0.176513671875
1.52783203125,0.23291015625,1.4404296875,0.153076171875,0.138427734375,0.65673828125,0.185546875,0.185546875
1.502685546875,0.2421875,1.74072265625,0.149169921875,0.15771484375,0.5859375,0.09033203125,0.20166015625
1.942138671875,0.237548828125,1.44287109375,0.16943359375,0.162353515625,0.546875,0.107421875,0.1767578125
1.4892578125,0.243408203125,1.240234375,0.15234375,0.157958984375,0.62255859375,0.14404296875,0.189208984375
1.554443359375,0.240966796875,1.26708984375,0.164794921875,0.166748046875,0.75439453125,0.09765625,0.17919921875
1.557373046875,0.239013671875,1.66748046875,0.172607421875,0.17724609375,0.60546875,0.18798828125,0.185302734375
1.49755859375,0.024658203125,1.43798828125,0.14208984375,0.15185546875,0.6884765625,0.1513671875,0.17138671875
1.830322265625,0.02392578125,1.30859375,0.168212890625,0.166748046875,0.81298828125,0.1416015625,0.1845703125
1.379638671875,0.024658203125,1.4501953125,0.1640625,0.14599609375,0.6884765625,0.13427734375,0.1904296875
1.894775390625,0.025146484375,1.61376953125,0.15625,0.152099609375,0.673828125,0.12451171875,0.174072265625
1.6796875,0.0244140625,1.4892578125,0.156494140625,0.161865234375,0.57861328125,0.13427734375,0.2041015625
1.7119140625,0.02392578125,1.357421875,0.13330078125,0.158935546875,0.58349609375,0.12939453125,0.21630859375
1.659912109375,0.02587890625,1.6064453125,0.1376953125,0.1552734375,0.537109375,0.1513671875,0.1953125
1.611083984375,0.0244140625,1.31591796875,0.138427734375,0.139892578125,0.56396484375,0.11474609375,0.18310546875
1.545654296875,0.025390625,1.06689453125,0.141845703125,0.15673828125,0.74951171875,0.11474609375,0.1806640625
1.545654296875,0.025390625,1.45751953125,0.1484375,0.14111328125,0.60791015625,0.08056640625,0.189453125
1.524169921875,0.02490234375,1.7138671875,0.152099609375,0.1982421875,0.61767578125,0.21240234375,0.171630859375
1.58984375,0.025390625,1.17431640625,0.15185546875,0.1650390625,0.72021484375,0.146484375,0.189453125
1.77685546875,0.024658203125,1.71875,0.13916015625,0.154296875,0.73974609375,0.18798828125,0.19287109375
1.6845703125,0.0234375,1.19384765625,0.15771484375,0.164794921875,0.69091796875,0.15380859375,0.8134765625
1.638671875,0.025146484375,1.59912109375,0.150634765625,0.170166015625,0.654296875,0.1611328125,0.8134765625
1.564208984375,0.0244140625,0.1806640625,0.144287109375,0.16943359375,0.75439453125,0.146484375,0.9052734375
1.69384765625,0.0244140625,0.10009765625,0.148193359375,0.1640625,0.73486328125,0.078125,1.124267578125
1.672607421875,0.025146484375,0.1220703125,0.163818359375,0.1845703125,0.57373046875,0.09033203125,0.969970703125
1.765869140625,0.02490234375,0.18798828125,0.154052734375,0.1484375,0.56640625,0.146484375,1.32470703125
2.206298828125,0.024169921875,0.1611328125,0.15625,0.16259765625,0.48583984375,0.185546875,1.390380859375
1.72119140625,0.024658203125,0.14404296875,0.15966796875,0.1513671875,0.64697265625,0.09521484375,0.950927734375
1.357177734375,0.02392578125,0.205078125,0.194580078125,0.149658203125,0.83740234375,0.1220703125,0.767822265625
1.6708984375,0.0234375,0.126953125,0.153076171875,0.1552734375,0.615234375,0.11474609375,0.9208984375
1.56982421875,0.0244140625,0.12451171875,0.16552734375,0.16064453125,0.52001953125,0.17578125,0.996826171875
1.9755859375,0.023681640625,0.15380859375,0.138427734375,0.166748046875,0.81298828125,0.17822265625,0.9228515625
1.443115234375,0.024169921875,0.126953125,0.150146484375,0.15234375,0.77392578125,0.11474609375,0.986328125
1.578857421875,0.024169921875,0.22216796875,0.141845703125,0.169921875,0.64697265625,0.12451171875,0.823486328125
1.779052734375,0.0244140625,0.2783203125,0.1748046875,0.146484375,0.68359375,0.1171875,1.43896484375
1.368896484375,0.0244140625,0.14404296875,0.163330078125,0.16455078125,0.74462890625,0.15869140625,1.05126953125
1.610595703125,0.024658203125,0.13427734375,0.146484375,0.142333984375,0.61279296875,0.1025390625,1.18798828125
1.46484375,0.0244140625,0.12939453125,0.148681640625,0.14892578125,0.42724609375,0.15380859375,0.919921875
1.82373046875,0.0244140625,0.1806640625,0.1474609375,0.16064453125,0.6884765625,0.14892578125,0.76220703125
1.885009765625,0.025390625,0.17822265625,0.15380859375,0.151611328125,0.7421875,0.1318359375,1.4521484375
1.842041015625,0.025390625,0.1513671875,0.17041015625,0.153076171875,0.6396484375,0.10986328125,0.984619140625
1.39794921875,0.02490234375,0.15625,0.147705078125,0.169677734375,0.1806640625,0.1318359375,0.948974609375
1.436279296875,0.023681640625,,0.160888671875,0.045654296875,0.17333984375,0.13671875,0.187744140625
1.436279296875,0.0244140625,,0.149169921875,0.044921875,0.2392578125,0.1220703125,0.192626953125
1.629638671875,0.024658203125,,0.174072265625,0.046142578125,0.654296875,0.18798828125,0.18408203125
1.39208984375,0.025390625,,0.135009765625,0.0458984375,0.654296875,0.11474609375,0.182861328125
1.639892578125,0.024658203125,,0.1669921875,0.048095703125,0.66650390625,0.1220703125,0.192138671875
1.3935546875,0.025634765625,,0.17236328125,0.045654296875,0.50537109375,0.18310546875,
1.766357421875,0.024658203125,,0.1650390625,0.046142578125,0.66162109375,0.14892578125,
1.863037109375,0.024169921875,,0.138427734375,0.04736328125,0.63232421875,0.1025390625,
1.35546875,0.024658203125,,0.14892578125,0.04638671875,0.57373046875,0.14404296875,
1.484375,0.02392578125,,0.18212890625,0.0478515625,0.478515625,0.1513671875,
1.663330078125,0.024169921875,,0.19140625,0.04541015625,0.70068359375,0.16357421875,
1.664794921875,0.025146484375,,0.15087890625,0.046875,0.56884765625,0.10009765625,
1.592041015625,0.024658203125,,0.175048828125,0.047119140625,0.6103515625,0.1171875,
1.8779296875,0.02392578125,,0.161376953125,0.04833984375,0.6201171875,0.14892578125,
1.974853515625,0.024658203125,,0.180908203125,0.04736328125,0.5322265625,0.10498046875,
1.920166015625,0.024169921875,,0.190185546875,0.046630859375,0.6005859375,0.13427734375,
1.93896484375,0.0244140625,,0.162109375,0.04931640625,0.63232421875,0.1611328125,
1.448486328125,0.025390625,,0.15966796875,0.046142578125,0.6298828125,0.15869140625,
1.821044921875,0.024658203125,,0.154541015625,0.0478515625,0.6298828125,0.13427734375,
1.624267578125,0.023681640625,,0.1552734375,0.048095703125,0.546875,0.15625,
1.66748046875,0.02490234375,,0.1552734375,0.046630859375,0.81787109375,0.16357421875,
1.33154296875,0.02490234375,,0.146240234375,0.04833984375,0.57861328125,0.12451171875,
1.833251953125,0.024658203125,,0.1533203125,0.0458984375,0.6787109375,0.12451171875,
1.730224609375,0.0244140625,,0.169921875,0.04736328125,0.62744140625,0.09521484375,
1.6103515625,0.02392578125,,0.148193359375,0.0478515625,0.60302734375,0.1953125,
1.404296875,0.025390625,,0.177734375,0.04833984375,0.47119140625,0.1416015625,
2.034912109375,0.025146484375,,0.157958984375,0.0498046875,0.23193359375,0.15869140625,
1.728271484375,0.025390625,,0.17236328125,0.048583984375,0.25146484375,0.13916015625,
1.459716796875,0.024169921875,,0.1435546875,0.0498046875,0.70556640625,0.146484375,
1.99462890625,0.024169921875,,0.148193359375,0.051025390625,0.73486328125,0.14892578125,
1.716552734375,0.024169921875,,0.161865234375,0.052001953125,0.62255859375,0.15869140625,
1.22802734375,0.025146484375,,0.16064453125,0.049072265625,0.7373046875,0.16845703125,
1.895263671875,0.024658203125,,0.171142578125,0.050537109375,0.5029296875,0.13427734375,
1.89892578125,0.024658203125,,0.162353515625,0.048828125,0.49560546875,0.14892578125,
1.799072265625,0.024169921875,,0.1513671875,0.0498046875,0.6005859375,0.09521484375,
1.74951171875,0.024658203125,,0.15087890625,0.051513671875,0.7275390625,0.1025390625,
1.739501953125,0.025634765625,,0.162841796875,0.050537109375,0.439453125,0.14892578125,
1.790283203125,0.02490234375,,0.151123046875,0.050537109375,0.4931640625,0.1171875,
1.58447265625,0.025146484375,,0.1552734375,0.050048828125,0.517578125,0.166015625,
1.557861328125,0.024658203125,,0.1767578125,0.050048828125,0.6396484375,0.1123046875,
1.88916015625,0.024169921875,,0.15869140625,0.050048828125,0.49560546875,0.10498046875,
1.682861328125,0.024169921875,,0.159423828125,0.05078125,0.6396484375,0.13427734375,
2.10888671875,0.0244140625,,0.150146484375,0.051025390625,0.50048828125,0.1904296875,
1.6025390625,0.02490234375,,0.1435546875,0.04931640625,0.8251953125,0.1416015625,
1.885986328125,0.025390625,,0.1484375,0.051025390625,0.60791015625,0.13671875,
1.908935546875,0.024169921875,,0.17919921875,0.0498046875,0.7470703125,0.11962890625,
1.6103515625,0.0244140625,,0.168212890625,0.050537109375,0.53466796875,0.107421875,
1.59814453125,0.024658203125,,0.14111328125,0.051025390625,0.52734375,0.10498046875,
1.94873046875,0.023681640625,,0.15283203125,0.050537109375,0.693359375,0.107421875,
1.690673828125,0.023681640625,,0.14306640625,0.05078125,0.5712890625,0.2001953125,
1.389892578125,0.023193359375,,0.152099609375,0.053466796875,0.86181640625,0.13427734375,
1.54296875,0.025146484375,,0.144287109375,0.05029296875,0.5810546875,0.1904296875,
1.738037109375,0.0244140625,,0.151611328125,0.0498046875,0.5908203125,0.1513671875,
1.738037109375,0.02392578125,,0.15185546875,0.050048828125,0.64208984375,0.1123046875,
1.5927734375,0.0234375,,0.15771484375,0.052001953125,0.56640625,0.1708984375,
1.62255859375,0.0234375,,0.152587890625,0.052001953125,0.56640625,0.11474609375,
2.166015625,0.0244140625,,0.160400390625,0.05078125,0.58837890625,0.166015625,
1.686279296875,0.02490234375,,0.144775390625,0.0498046875,0.63720703125,0.1708984375,
1.661376953125,0.0244140625,,0.1552734375,0.052978515625,0.703125,0.14404296875,
1.703369140625,0.02490234375,,0.157958984375,0.0498046875,0.78369140625,0.10009765625,
1.524658203125,0.024169921875,,0.1552734375,0.052978515625,0.732421875,0.13916015625,
2.0703125,0.02392578125,,0.142333984375,0.0517578125,0.49560546875,0.1416015625,
1.50537109375,0.287353515625,,0.161865234375,0.152099609375,0.52490234375,0.10498046875,
1.793212890625,0.279296875,,0.1513671875,0.158447265625,0.4736328125,0.2099609375,
1.849365234375,0.25244140625,,0.160400390625,0.1416015625,0.6787109375,0.15625,
1.65673828125,0.234130859375,,0.16015625,0.1298828125,0.54931640625,0.185546875,
1.745849609375,0.224853515625,,0.15673828125,0.130126953125,0.7275390625,0.146484375,
1.478271484375,0.269775390625,,0.152099609375,0.1455078125,0.546875,0.2001953125,
1.595947265625,0.237060546875,,0.16064453125,0.13623046875,0.62255859375,0.1171875,
1.525390625,0.3017578125,,0.171142578125,0.17431640625,0.44921875,0.126953125,
2.13671875,0.25244140625,,0.13037109375,0.1455078125,0.74462890625,0.15625,
1.633544921875,0.249267578125,,0.13916015625,0.12939453125,0.60546875,0.15380859375,
1.80517578125,0.296875,,0.13916015625,0.173583984375,0.7275390625,0.12451171875,
1.7783203125,0.242431640625,,0.16796875,0.135498046875,0.68603515625,0.18310546875,
1.710205078125,0.219482421875,,0.162353515625,0.132080078125,0.771484375,0.18310546875,
1.774169921875,0.25439453125,,0.1533203125,0.146240234375,0.82763671875,0.12939453125,
1.69091796875,0.25439453125,,0.154296875,0.138427734375,0.87646484375,0.12451171875,
1.931640625,0.269775390625,,0.1591796875,0.152099609375,0.693359375,0.1025390625,
1.69580078125,0.256103515625,,0.1611328125,0.153564453125,0.771484375,0.22216796875,
1.756591796875,0.233154296875,,0.154541015625,0.1357421875,0.859375,0.17333984375,
1.982177734375,0.26513671875,,0.15869140625,0.15478515625,0.6884765625,0.1171875,
1.435791015625,0.27783203125,,0.13818359375,0.175537109375,0.63232421875,0.1220703125,
1.556396484375,0.25390625,,0.142333984375,0.16650390625,0.51025390625,0.12451171875,
1.846435546875,0.2880859375,,0.173583984375,0.165283203125,0.61279296875,0.09033203125,
1.62939453125,0.2626953125,,0.153076171875,0.146240234375,0.7275390625,0.1220703125,
1.499267578125,0.268798828125,,0.170166015625,0.1455078125,0.625,0.1220703125,
1.614501953125,0.261962890625,,0.14794921875,0.154052734375,0.64697265625,0.15625,
1.509033203125,0.26611328125,,0.153076171875,0.15478515625,0.54931640625,0.13916015625,
1.67578125,0.25146484375,,0.148681640625,0.15234375,0.75439453125,0.0927734375,
1.5634765625,0.26708984375,,0.157958984375,0.15234375,0.61767578125,0.15380859375,
1.716552734375,0.267578125,,0.154296875,0.16552734375,0.58349609375,0.1025390625,
1.7392578125,0.265869140625,,0.1865234375,0.165283203125,0.6298828125,0.10986328125,
1.535888671875,0.272216796875,,0.159423828125,0.16357421875,0.51513671875,0.107421875,
1.612060546875,0.247314453125,,0.140625,0.1484375,0.64453125,0.0927734375,
1.7265625,0.283935546875,,0.154296875,0.155517578125,0.67138671875,0.11474609375,
1.782958984375,0.26513671875,,0.169189453125,0.148193359375,0.64697265625,0.126953125,
1.580322265625,0.30224609375,,0.166259765625,0.1650390625,0.6884765625,0.11474609375,
2.143798828125,0.25341796875,,0.156005859375,0.148681640625,0.4638671875,0.15380859375,
1.88427734375,0.22705078125,,0.15771484375,0.12646484375,0.64208984375,0.09765625,
1.8603515625,0.2197265625,,0.17822265625,0.12744140625,0.625,0.1953125,
1.677490234375,0.2578125,,0.169189453125,0.14892578125,0.6396484375,0.12939453125,
1.75244140625,0.292236328125,,0.141845703125,0.170654296875,0.5859375,0.146484375,
1.897216796875,0.27783203125,,0.16357421875,0.16015625,0.65673828125,0.18310546875,
1.6552734375,0.277587890625,,0.149169921875,0.144287109375,0.6396484375,0.15869140625,
1.755126953125,0.273193359375,,0.162109375,0.172607421875,0.9228515625,0.10986328125,
1.904541015625,0.262939453125,,0.173828125,0.148681640625,0.6689453125,0.10986328125,
1.560302734375,0.275634765625,,0.14599609375,0.170166015625,0.5078125,0.1318359375,
1.775390625,0.25,,0.13818359375,0.151123046875,0.74951171875,0.126953125,
1.66259765625,0.261474609375,,0.15185546875,0.155517578125,0.69091796875,0.10498046875,
1.828857421875,0.294921875,,0.146728515625,0.1728515625,0.50537109375,0.16845703125,
1.901123046875,0.25,,0.15478515625,0.142822265625,0.61767578125,0.12451171875,
1.904541015625,0.248046875,,0.177490234375,0.140869140625,0.625,0.15625,
1.497314453125,0.249267578125,,0.148681640625,0.154541015625,0.595703125,0.13427734375,
1.45849609375,0.2431640625,,0.158447265625,0.137451171875,0.693359375,0.1513671875,
1.855712890625,0.02392578125,,0.16162109375,0.047119140625,0.5126953125,0.11962890625,
